Id,SalePrice
1,157350.78125
2,140250.34375
3,249949.90625
4,167579.21875
5,272125.5625
6,189944.390625
7,180411.390625
8,174455.640625
9,141164.578125
10,221178.359375
11,160725.1875
12,128188.3671875
13,173674.28125
14,166152.421875
15,119707.7421875
16,149754.609375
17,270971.09375
18,247097.515625
19,194138.46875
20,183923.328125
21,183123.859375
22,186871.15625
23,132886.40625
24,126314.2265625
25,129332.6171875
26,293867.34375
27,150630
28,158598.375
29,192772.875
30,210248.71875
31,228567.96875
32,130269.7265625
33,153876.78125
34,157435.859375
35,173541.65625
36,192738.125
37,178883.859375
38,174501.15625
39,172819.234375
40,184449.6875
41,222539.890625
42,156223.125
43,206914.21875
44,239632.359375
45,180541.828125
46,244356.875
47,178623.84375
48,154062.796875
49,167727.28125
50,170470.3125
51,144741.875
52,166586.5
53,209998.15625
54,131426.625
55,217391.25
56,144875.78125
57,215815.953125
58,177909
59,241814.265625
60,135077.15625
61,234844.890625
62,150396.5625
63,207484.8125
64,150024.171875
65,171432.28125
66,183475.421875
67,95447.7890625
68,170555.125
69,160061.75
70,173907.828125
71,120597.9765625
72,113975.0703125
73,157778.421875
74,188683.0625
75,161362.796875
76,197053.265625
77,214283.640625
78,154349.109375
79,163902.1875
80,162280.359375
81,191461.5
82,207246.390625
83,218379.015625
84,165890.1875
85,171447.359375
86,195021.421875
87,167255.15625
88,201755.84375
89,129218.53125
90,200165.21875
91,127893.2421875
92,170513.3125
93,190559.34375
94,235333.65625
95,176366.9375
96,182526.796875
97,181778.859375
98,177131.609375
99,130700.546875
100,220855.6875
101,190154.734375
102,139857.90625
103,155403.78125
104,148295.265625
105,184421.296875
106,226695.171875
107,169623.53125
108,179104.8125
109,212175
110,211520.875
111,205063.890625
112,150119.234375
113,189007.5
114,163503.25
115,152489.234375
116,146214.140625
117,178036.40625
118,236594.140625
119,164213.234375
120,118005.84375
121,354395.375
122,169145.671875
123,188549.640625
124,166915.265625
125,165406.96875
126,161309.59375
127,219375.5
128,172178.078125
129,260171.96875
130,131960.65625
131,243119.578125
132,269584.4375
133,163307.609375
134,190633.578125
135,173351.75
136,146955.984375
137,132053.0625
138,213573.609375
139,198412.046875
140,202853
141,185000.28125
142,201113.9375
143,144594.390625
144,174837.265625
145,229436.78125
146,153509.828125
147,164119.578125
148,230916.0625
149,219707.65625
150,177843.453125
151,166259.796875
152,157402.40625
153,125148.75
154,190812.859375
155,194666
156,336254.90625
157,180402.640625
158,159113.359375
159,167502.828125
160,152036.234375
161,141122.75
162,188966.671875
163,169382.90625
164,198382.8125
165,166771.1875
166,268326.375
167,152424.15625
168,218334.578125
169,143566.03125
170,155229.203125
171,163275.015625
172,156145.578125
173,172840
174,141396.8125
175,178336.609375
176,278439.375
177,127271.65625
178,188407.984375
179,187519.4375
180,162600.734375
181,163240.953125
182,141741.75
183,217584.328125
184,187759.890625
185,157341.984375
186,187496.296875
187,150358.390625
188,170340.25
189,183857.1875
190,154768.671875
191,105750.8359375
192,183048.6875
193,274848.9375
194,137731.0625
195,191445.046875
196,141953.75
197,163181.921875
198,126747.7421875
199,174975.28125
200,170833.765625
201,172221.6875
202,152792.03125
203,199436.25
204,186047.015625
205,265452.5
206,142388.328125
207,166937.5625
208,144046.828125
209,135456.359375
210,146608.84375
211,225204.421875
212,154122.71875
213,169568.015625
214,126109.484375
215,196979.6875
216,210669.03125
217,162604.59375
218,229899.71875
219,131386.25
220,173310.3125
221,215762.78125
222,146856.359375
223,222428.890625
224,157353.65625
225,143619.015625
226,180355.265625
227,179466.0625
228,197724.03125
229,138585.015625
230,161721.59375
231,144294.015625
232,170765
233,140639.328125
234,118659.453125
235,129366.109375
236,131989.015625
237,181966.21875
238,136105.609375
239,122325.3828125
240,190889.765625
241,242337.40625
242,186321.625
243,160359.921875
244,212194.859375
245,166641.125
246,158112.265625
247,148606.21875
248,118806.140625
249,276938.4375
250,129454.1015625
251,150323.21875
252,201394.40625
253,167198
254,217875.171875
255,168666.578125
256,133652.21875
257,151381.046875
258,143090.046875
259,256401.90625
260,108288.28125
261,147628.28125
262,176901.90625
263,124007.765625
264,146301.65625
265,147848.921875
266,176178.453125
267,137939.203125
268,106206.453125
269,125363.09375
270,181684.15625
271,186220.828125
272,145145.328125
273,143674.34375
274,144295.96875
275,162034.6875
276,99880.453125
277,245955.59375
278,204810.640625
279,120269.6328125
280,188489.671875
281,199254.484375
282,238099.203125
283,127161.7421875
284,232302.9375
285,170892.34375
286,182670.375
287,224695.453125
288,167832.671875
289,168798.921875
290,140308.125
291,190933.984375
292,186810.90625
293,152332.921875
294,184610.53125
295,162926.109375
296,145397.25
297,124244.125
298,131541
299,281489.40625
300,131656.046875
301,179632
302,151272.734375
303,196357.53125
304,185337.015625
305,145485.5
306,217413.5625
307,144615.921875
308,169542.09375
309,124579.234375
310,273817.6875
311,147545.15625
312,133882.03125
313,201443.796875
314,154555.4375
315,126065.6484375
316,131569.828125
317,200980.375
318,187692.5
319,182968.234375
320,164447.6875
321,170047.578125
322,137603.921875
323,134905
324,295598.3125
325,105125.7109375
326,192925.859375
327,160406.453125
328,171100.734375
329,224331.9375
330,211330.796875
331,198565.59375
332,177880.203125
333,122145.4296875
334,123327.71875
335,133183.84375
336,179759.390625
337,175850.078125
338,140175
339,207324.859375
340,124507.78125
341,166398.171875
342,204132.09375
343,115769.3046875
344,219109.640625
345,226021.03125
346,173935.375
347,110093.5234375
348,145460.984375
349,135360.296875
350,165689.828125
351,185429.84375
352,129229.5703125
353,148559.828125
354,140342.015625
355,186789.03125
356,153762.34375
357,128694.4375
358,176282.9375
359,228890.25
360,134600.4375
361,145032.40625
362,120117.1875
363,164313.5
364,141883.140625
365,173593.34375
366,165174.90625
367,125297.75
368,207873.296875
369,172729.953125
370,174998.3125
371,158710.8125
372,260109.375
373,192621.421875
374,198536.609375
375,192517.078125
376,190829.78125
377,164416.4375
378,162691.765625
379,139168.90625
380,170097.984375
381,191220.609375
382,188740.0625
383,105252.2265625
384,174337.9375
385,253781.234375
386,150840.078125
387,201259.140625
388,218110.109375
389,114176.9609375
390,161165.875
391,183804.6875
392,126242.859375
393,138835.5
394,160523.21875
395,197703.15625
396,190286.203125
397,133807.09375
398,152680.859375
399,139517.859375
400,147331.203125
401,167939.8125
402,149128.578125
403,150147.28125
404,173193.3125
405,149180.53125
406,155851.109375
407,116787.7109375
408,154498.125
409,119189.1640625
410,188067.9375
411,139934.359375
412,143698.8125
413,133632.296875
414,201739.734375
415,168378.484375
416,196913.21875
417,171864.5625
418,168578.546875
419,144550.96875
420,187168.71875
421,137643.890625
422,159861.515625
423,144263.75
424,203257.140625
425,186481.078125
426,202241.390625
427,148685.59375
428,173079.9375
429,225589.078125
430,159564.5
431,208613.25
432,161398.65625
433,148145.578125
434,128721.2421875
435,161796.796875
436,202048.890625
437,164246.234375
438,165547.65625
439,149739.46875
440,167843.0625
441,173801.75
442,110859.84375
443,146285.765625
444,143650.0625
445,222134.765625
446,153108.1875
447,207503.78125
448,217669.8125
449,220541.6875
450,202529.265625
451,136289.296875
452,132990.96875
453,165765.9375
454,134817.09375
455,150483.109375
456,160811.046875
457,160961.78125
458,255006.890625
459,197751.796875
460,151408.1875
461,260352.9375
462,168393.609375
463,179806.03125
464,240603.015625
465,151912.125
466,183912.296875
467,182498.125
468,206478.171875
469,157329.609375
470,192992.453125
471,160509.40625
472,230440.59375
473,174871.6875
474,182747.046875
475,199669.828125
476,109559.2890625
477,203329.375
478,139299.546875
479,152358.296875
480,171590.75
481,196454.453125
482,204763.703125
483,165202.53125
484,122784.0703125
485,168992.78125
486,211283.046875
487,163405.6875
488,222450.40625
489,139065.296875
490,162410.75
491,110138.3359375
492,164947.375
493,182952.59375
494,127064.5546875
495,195448.890625
496,117756.265625
497,150914.875
498,170942.515625
499,190518.671875
500,215038.453125
501,119228.546875
502,165254.828125
503,183322.5625
504,134935.015625
505,187008.265625
506,202978.484375
507,220319.453125
508,174543.96875
509,231731.171875
510,138879.78125
511,244053.859375
512,181001.640625
513,191708.359375
514,133577.484375
515,216104.78125
516,199014.734375
517,254710.421875
518,166074.640625
519,154672.328125
520,155719.21875
521,147377.1875
522,193106.125
523,133594.328125
524,145353.578125
525,229718.90625
526,155674.65625
527,187753.4375
528,156328.390625
529,227056.21875
530,216323
531,196956.96875
532,144721.90625
533,201503.390625
534,170635.484375
535,180781.328125
536,223762.1875
537,183391.375
538,212779.890625
539,228960.15625
540,97759.4921875
541,153549.796875
542,138499.796875
543,158000.984375
544,150966.46875
545,158505.03125
546,142724.53125
547,191805.125
548,180124.296875
549,127227.265625
550,134840.578125
551,143704.4375
552,189212.171875
553,139589.25
554,205901.21875
555,172394.796875
556,189059.875
557,248439.40625
558,225033.6875
559,118675.359375
560,133256.640625
561,135054.34375
562,162766.921875
563,114475.8515625
564,245731.8125
565,218862.21875
566,202455.5625
567,226420.4375
568,150376
569,162732.9375
570,220467.28125
571,163579.53125
572,116527.7265625
573,163464.515625
574,156512.671875
575,182975.640625
576,145515.25
577,194377.359375
578,170924.96875
579,184573.8125
580,117812.2109375
581,152394.890625
582,139280.9375
583,209352.78125
584,137042.40625
585,179456.734375
586,242787.03125
587,227204.140625
588,202043.796875
589,138049.234375
590,148412.203125
591,242068.8125
592,258672.140625
593,231128.75
594,303430.09375
595,146417.4375
596,179240.71875
597,245218.09375
598,172987.875
599,165207.109375
600,139448.734375
601,212425.671875
602,180891.921875
603,160171.296875
604,180686.453125
605,117501.78125
606,124289.0859375
607,140070.953125
608,155960.546875
609,207426.0625
610,214845.75
611,142968.5
612,107900.2265625
613,134074.09375
614,242868.484375
615,113572.4765625
616,198623.734375
617,190700.109375
618,191744.828125
619,187509.953125
620,149177.671875
621,170120.03125
622,188954.71875
623,267747.84375
624,185561.28125
625,125443.8359375
626,168620.578125
627,187355.484375
628,161698.125
629,219239.046875
630,130674.2734375
631,175595.578125
632,146238.28125
633,179327.859375
634,208130.828125
635,174697.859375
636,147933.09375
637,178157.375
638,177955.703125
639,165973.390625
640,124289.9609375
641,248923.734375
642,179391.484375
643,208575.171875
644,166273.78125
645,135105.984375
646,139486.703125
647,216178.140625
648,128575.6953125
649,222024.890625
650,183869.46875
651,116138.7734375
652,176669.328125
653,129762.890625
654,127949.1875
655,150817.359375
656,210171.34375
657,178365.0625
658,136165.234375
659,153844.375
660,157513.234375
661,164681.25
662,149480.703125
663,174830.046875
664,184717.515625
665,228036.40625
666,184586.96875
667,131351.078125
668,180139.03125
669,169889.84375
670,119564.796875
671,121294.6015625
672,184477.34375
673,130962.2890625
674,209338.8125
675,182643.5
676,175892.859375
677,181117.125
678,159289.625
679,191935.859375
680,146983.875
681,153153.625
682,169215.265625
683,190179.78125
684,145876.203125
685,192554.21875
686,144169.953125
687,198522.109375
688,179841
689,163039.625
690,219615.53125
691,174900.34375
692,157695.59375
693,135001.890625
694,221540.671875
695,170251.578125
696,181114.75
697,166885.515625
698,131738.1875
699,144495.921875
700,206304.21875
701,168131.53125
702,176731.6875
703,218150.71875
704,220985.4375
705,128259.8515625
706,146741.828125
707,161880.703125
708,201756.921875
709,205225.390625
710,112177.25
711,162467.375
712,143344.90625
713,166295.171875
714,167141.0625
715,130685.4921875
716,145179.703125
717,190745.265625
718,183739.625
719,135513.25
720,168395.375
721,170360.546875
722,144281.203125
723,147845.71875
724,163267.765625
725,154669.453125
726,130790.984375
727,157641.765625
728,148049.96875
729,156989.578125
730,220661.90625
731,231404.1875
732,179375.8125
733,151857.6875
734,193843.8125
735,140783.734375
736,189507.53125
737,160815.1875
738,191138.125
739,154549.6875
740,149321.4375
741,183428.390625
742,113467.2890625
743,141475.515625
744,204354.3125
745,176802.90625
746,178751.5
747,173567.46875
748,120668.7421875
749,174126.59375
750,223462.28125
751,165940.765625
752,223222.078125
753,223317.171875
754,206506.40625
755,176443.953125
756,201288.984375
757,291684.5
758,166776.953125
759,191010.484375
760,147616.203125
761,192330.765625
762,147424.640625
763,200996.71875
764,234162.125
765,236660.390625
766,198335.484375
767,242235.859375
768,172599.296875
769,100903.296875
770,262473.5625
771,155883.484375
772,188813.203125
773,177890.828125
774,190809.515625
775,181591.921875
776,174374.375
777,254516.953125
778,140650.953125
779,153631.59375
780,197998.34375
781,230878.828125
782,171659.703125
783,153381.8125
784,137438.765625
785,153950.328125
786,106939.734375
787,146600.40625
788,161893.171875
789,185911.875
790,177519.921875
791,179980.859375
792,187523.515625
793,131320.0625
794,147416.28125
795,129181.03125
796,227865.078125
797,163318.1875
798,170098.421875
799,133134.671875
800,165413.578125
801,169500.859375
802,158303.609375
803,175956.21875
804,138158.453125
805,156246.515625
806,151715.84375
807,164852.53125
808,188663.09375
809,140974.875
810,149624.3125
811,221881.71875
812,154397.140625
813,117322.65625
814,200177.78125
815,145557.046875
816,244864.203125
817,225252.25
818,214036.859375
819,331582.09375
820,170786.03125
821,191118.328125
822,223237.953125
823,140344.296875
824,142183.53125
825,176575.71875
826,263424.5625
827,210989.703125
828,211985.703125
829,176451.15625
830,134999.3125
831,171372.140625
832,169266.265625
833,149772.859375
834,167982.328125
835,189360.703125
836,270187.1875
837,154622.5
838,153172.203125
839,154938.359375
840,137839.828125
841,106842.015625
842,204413.265625
843,117100.8046875
844,184759.59375
845,131608.296875
846,129371.5625
847,166152
848,137386.625
849,156938.3125
850,147924.6875
851,129483.5078125
852,192111.625
853,166192.125
854,150483.265625
855,153639.1875
856,133192.703125
857,126146
858,288519.09375
859,183532.078125
860,201204.6875
861,227914.90625
862,189800.796875
863,180359.765625
864,196787.65625
865,295665.875
866,190766.734375
867,214211.484375
868,148287.609375
869,147972.71875
870,166249.375
871,174851.421875
872,149284.140625
873,258029.703125
874,139721.484375
875,180608.875
876,180512.5
877,169253.65625
878,156939.390625
879,143847.6875
880,299243.65625
881,164962.578125
882,185558.46875
883,226216
884,158145.8125
885,127535.078125
886,107053.703125
887,154317.40625
888,185931.515625
889,256913.671875
890,170092.53125
891,189102.515625
892,222934
893,117085.953125
894,195617.453125
895,162344.625
896,152961.59375
897,145585.375
898,116890.46875
899,194500.328125
900,176931.484375
901,139790.859375
902,174977.21875
903,183187.9375
904,121056.828125
905,180559.5
906,284559.125
907,169680.34375
908,152413.703125
909,141031.453125
910,173938.71875
911,167657.703125
912,126458.0859375
913,171024.453125
914,186992.15625
915,145011.84375
916,193952.3125
917,195607.046875
918,135219.40625
919,171124.78125
920,173649.546875
921,134647.328125
922,102476.1953125
923,245842.84375
924,286577.75
925,170830.9375
926,154313.40625
927,189610.984375
928,171870.109375
929,135686.78125
930,198213.15625
931,190341.296875
932,139447
933,102232.8515625
934,194633.875
935,186878.890625
936,167053.34375
937,165364.625
938,167903.59375
939,176115.1875
940,240440.53125
941,197723.546875
942,192080.125
943,205091.46875
944,257105.109375
945,193074.828125
946,215477.0625
947,183877.65625
948,165415.15625
949,147293.15625
950,168472.765625
951,141031.578125
952,174366.90625
953,184368.421875
954,226319.453125
955,126990.03125
956,211416.09375
957,187677.421875
958,127817.9609375
959,168584.640625
960,143252.828125
961,234998.671875
962,252429.53125
963,141473.25
964,139085.46875
965,160411.484375
966,128318.5546875
967,128439.0859375
968,196438.4375
969,173699.90625
970,149235.109375
971,130604.3828125
972,167265.109375
973,228064.484375
974,263993.0625
975,155660.703125
976,136579.75
977,112401.4765625
978,138619.703125
979,195914.78125
980,163170.765625
981,157357.171875
982,148936.484375
983,144842.875
984,167021.59375
985,160512.328125
986,126333.8203125
987,103723.5234375
988,188454.203125
989,210353.015625
990,148852.75
991,190310.296875
992,239125.953125
993,186291.109375
994,143907.59375
995,202353.265625
996,169971.453125
997,154735.375
998,157354.546875
999,164059.4375
1000,149120.671875
1001,172291.328125
1002,264948.9375
1003,208860.46875
1004,135077.15625
1005,124073.2734375
1006,104964.5625
1007,170529.078125
1008,160170.453125
1009,165537.421875
1010,139210.890625
1011,136998
1012,177892.71875
1013,138830.546875
1014,177375.78125
1015,145455.859375
1016,131256.828125
1017,131642.59375
1018,144602.0625
1019,125760.8359375
1020,182404.265625
1021,156823.203125
1022,186899
1023,118602.7109375
1024,184337.625
1025,114542.578125
1026,160886.640625
1027,192633.703125
1028,145334.15625
1029,188222.625
1030,156363.078125
1031,170451.75
1032,170018.125
1033,212435.703125
1034,122699.125
1035,171152.859375
1036,185306.703125
1037,151010.234375
1038,188625.859375
1039,223676.296875
1040,218076.03125
1041,152284.265625
1042,149500.578125
1043,243354.28125
1044,212973.625
1045,197862.921875
1046,288485.84375
1047,180575.734375
1048,212501.59375
1049,180414.234375
1050,141367.140625
1051,143080.640625
1052,173684.71875
1053,124445.4765625
1054,204489.625
1055,170666.859375
1056,160374.21875
1057,142926.984375
1058,173350.1875
1059,171160.71875
1060,122648.4765625
1061,188862.921875
1062,154790
1063,165477.765625
1064,150655.8125
1065,169433.28125
1066,192294.65625
1067,237019.546875
1068,148807.890625
1069,150376.5
1070,147410.640625
1071,124723.9765625
1072,138050.671875
1073,105089.28125
1074,167156.9375
1075,126732.71875
1076,149287.25
1077,259510.546875
1078,163937.078125
1079,142441.9375
1080,155171.203125
1081,119769.6953125
1082,177260.046875
1083,181476.046875
1084,158849.84375
1085,138676.859375
1086,151161.546875
1087,173538.21875
1088,137478.453125
1089,148496.203125
1090,176316.09375
1091,178100.71875
1092,153227.53125
1093,253736.203125
1094,111788.4140625
1095,161438.375
1096,209189.75
1097,148488.421875
1098,238854.125
1099,195076.96875
1100,207530.5
1101,128508.6328125
1102,186278.25
1103,135500.28125
1104,160987.46875
1105,163923.109375
1106,167590.765625
1107,187457.15625
1108,168427.703125
1109,225205.578125
1110,131487.1875
1111,124241.9296875
1112,183183.46875
1113,166652.734375
1114,183338.71875
1115,236516.625
1116,166111.390625
1117,131733.53125
1118,137549.390625
1119,264468.53125
1120,180997.25
1121,151881.09375
1122,106362.53125
1123,228097.609375
1124,185392.46875
1125,188314.609375
1126,242090.265625
1127,199147.71875
1128,165297.09375
1129,157659.296875
1130,154948.9375
1131,238599.9375
1132,169180.625
1133,138322.28125
1134,173190.453125
1135,147237.9375
1136,155869.234375
1137,131674.9375
1138,182144.34375
1139,193050.03125
1140,159485.9375
1141,161913.921875
1142,149206
1143,164204.421875
1144,141787.78125
1145,126939.109375
1146,207413.078125
1147,144461.015625
1148,268676.1875
1149,149111.6875
1150,151359.9375
1151,248156.34375
1152,138814.34375
1153,125284.09375
1154,143780.546875
1155,129509.546875
1156,140672.0625
1157,162207.578125
1158,206306.796875
1159,126647.21875
1160,178601.421875
1161,151513.671875
1162,136474.28125
1163,141895.09375
1164,119629.140625
1165,231520.765625
1166,208176.34375
1167,143046.0625
1168,182850.046875
1169,187919.296875
1170,202282.140625
1171,171937.671875
1172,213521.40625
1173,153711.984375
1174,166142.296875
1175,157876.28125
1176,218874.953125
1177,213929.390625
1178,209703.734375
1179,153727.296875
1180,135312.234375
1181,195610.734375
1182,156012.609375
1183,132163.40625
1184,184786.46875
1185,154076.96875
1186,164715.375
1187,257846.75
1188,99701.7734375
1189,232605.546875
1190,135434.921875
1191,238955.984375
1192,144523.671875
1193,219431.453125
1194,155805.828125
1195,237494.453125
1196,155773.421875
1197,199308.984375
1198,238335.328125
1199,179941.734375
1200,132309.96875
1201,177337.046875
1202,143466.90625
1203,255679.984375
1204,138745.8125
1205,152865.21875
1206,205887.03125
1207,163822.546875
1208,197802.15625
1209,155835.078125
1210,153503.765625
1211,145448.015625
1212,149433.984375
1213,144593.90625
1214,154790.46875
1215,187014.3125
1216,218464.328125
1217,121664.890625
1218,226126.078125
1219,214439.15625
1220,182860.84375
1221,202686.859375
1222,193111.828125
1223,147888.046875
1224,185451.203125
1225,257839.890625
1226,190573.578125
1227,161357.1875
1228,151440.859375
1229,294514.9375
1230,150085.171875
1231,137475.796875
1232,132611.015625
1233,247104.671875
1234,145183.265625
1235,188184.421875
1236,158628.828125
1237,234422.421875
1238,136196.421875
1239,168553.46875
1240,146487.140625
1241,160203.15625
1242,105979.0625
1243,164850.78125
1244,130549.5546875
1245,142043.796875
1246,202295.3125
1247,132681.96875
1248,133583.40625
1249,159790.75
1250,113797.6015625
1251,126790.9765625
1252,130555.578125
1253,177540.46875
1254,183095.390625
1255,223662.34375
1256,169510.3125
1257,171425.875
1258,153686.203125
1259,265754.53125
1260,153127.96875
1261,215049.265625
1262,156340.625
1263,208359.515625
1264,172707.5625
1265,153562.28125
1266,183678.34375
1267,163492.953125
1268,200650.15625
1269,144129.203125
1270,198432.890625
1271,191864.359375
1272,151812.078125
1273,172790.375
1274,137779.203125
1275,178466.453125
1276,118379.5703125
1277,198554.75
1278,173033.265625
1279,219942.28125
1280,150245.984375
1281,176414.015625
1282,173058.046875
1283,195185.875
1284,188378.96875
1285,149326.3125
1286,167822.5625
1287,179102.625
1288,197055.640625
1289,159736.34375
1290,170049.8125
1291,138102.5625
1292,159829.953125
1293,204957.734375
1294,136203.125
1295,108969.1796875
1296,217677.046875
1297,147624.625
1298,141585.5625
1299,108447.6015625
1300,157257.703125
1301,144923.015625
1302,149651.21875
1303,146192.765625
1304,116945.5234375
1305,191734.796875
1306,140978.9375
1307,168615
1308,137634.359375
1309,165284.625
1310,178987.65625
1311,215623.625
1312,158421.765625
1313,223966.890625
1314,188196.640625
1315,165394.015625
1316,143784.75
1317,153060.203125
1318,164077.125
1319,239172.84375
1320,160498.265625
1321,146989.6875
1322,157303.9375
1323,137050.0625
1324,147081.59375
1325,135584.625
1326,161382.46875
1327,160249.59375
1328,117783.5390625
1329,180215.28125
1330,214574.890625
1331,163066.5
1332,256883.71875
1333,112368.3515625
1334,207620.5625
1335,314651.5625
1336,202626.09375
1337,204805.859375
1338,175007.046875
1339,115774.8125
1340,174647.609375
1341,238330.703125
1342,108921.90625
1343,150762
1344,185571.109375
1345,159776.0625
1346,165615.171875
1347,139648.59375
1348,182927.90625
1349,115833.296875
1350,167422.328125
1351,148803.296875
1352,128624.6015625
1353,183375
1354,144173.953125
1355,224025.046875
1356,143118.625
1357,212689.546875
1358,164495.828125
1359,174234.671875
1360,147783.421875
1361,118694.7109375
1362,156173.890625
1363,185103.703125
1364,111107.7578125
1365,214697.421875
1366,298091.125
1367,162328.25
1368,160259.171875
1369,202756.859375
1370,173281.515625
1371,224604.28125
1372,153726.0625
1373,183833.5
1374,134412.046875
1375,115511.1796875
1376,137427.515625
1377,155762.328125
1378,126600.5703125
1379,212172.375
1380,196435.96875
1381,152484.671875
1382,156532.890625
1383,125097.9453125
1384,121116.1875
1385,126110.4140625
1386,166799.421875
1387,174076.171875
1388,172948.640625
1389,187240.453125
1390,177076.3125
1391,149415.109375
1392,200593.765625
1393,206041.765625
1394,155030.828125
1395,135417.953125
1396,166390.421875
1397,210517.953125
1398,127592.75
1399,171880.34375
1400,186151.75
1401,129005.109375
1402,153442.96875
1403,170450.15625
1404,177813.375
1405,212068.484375
1406,151517.40625
1407,191171.90625
1408,248750.765625
1409,169474.09375
1410,131248.625
1411,161421.484375
1412,155987.125
1413,209918.1875
1414,171770.46875
1415,227158.609375
1416,251453.609375
1417,91816.3125
1418,125450.84375
1419,223492.453125
1420,125531.8046875
1421,221430.203125
1422,148213.140625
1423,167625
1424,174858.609375
1425,257252.328125
1426,190291.03125
1427,152074.171875
1428,154692.0625
1429,131454.5
1430,200454.296875
1431,249389.421875
1432,135610.1875
1433,187283.8125
1434,146993.453125
1435,232807.9375
1436,111345.3046875
1437,202049.71875
1438,168467.609375
1439,147132.25
1440,221665.21875
1441,161643.015625
1442,164717.3125
1443,188739.609375
1444,206572.375
1445,168337.03125
1446,138166.046875
1447,225358.078125
1448,207743.921875
1449,160026.5
1450,113506.421875
1451,215800.296875
1452,170913.09375
1453,152195.828125
1454,199819.796875
1455,181392.109375
1456,170464.609375
1457,208783.484375
1458,155241.6875
1459,132173.78125
1460,138246.546875
1461,189095.75
1462,117048.09375
1463,172185.28125
1464,161454.453125
1465,159405.859375
1466,145173.015625
1467,128354.734375
1468,144711.0625
1469,175002.328125
1470,132460.109375
1471,189070.75
1472,158775.984375
1473,226530.21875
1474,229739.609375
1475,125324.1640625
1476,260312.171875
1477,128097.484375
1478,161922.203125
1479,136821.28125
1480,177825.265625
1481,156611.75
1482,129973.8515625
1483,171644.0625
1484,196078.828125
1485,152506.65625
1486,157449.6875
1487,158072.875
1488,179301.328125
1489,278206.1875
1490,144112.203125
1491,150481.546875
1492,113504.0390625
1493,174115.703125
1494,171519.5
1495,131646.046875
1496,148797.765625
1497,158903.84375
1498,115957.6484375
1499,228283.6875
1500,217279.75
1501,159312.84375
1502,121892.4609375
1503,167598.34375
1504,163382.328125
1505,211798.265625
1506,184798.375
1507,181437.859375
1508,193392.390625
1509,226991.84375
1510,154172.296875
1511,129185.0078125
1512,101378.28125
1513,123454.2421875
1514,198204.578125
1515,179813.3125
1516,155414.109375
1517,180284.734375
1518,210093.03125
1519,163024.953125
1520,164435.0625
1521,142167
1522,156521.53125
1523,249032.484375
1524,239018.6875
1525,177824.265625
1526,127416.2578125
1527,151303.90625
1528,126514.9921875
1529,184124.9375
1530,199508.546875
1531,282897.03125
1532,175386.015625
1533,246444.171875
1534,218134.625
1535,220573.28125
1536,105454.5703125
1537,156292.015625
1538,100500.5234375
1539,111465.7734375
1540,210411.796875
1541,162714.421875
1542,151128.953125
1543,170236.1875
1544,156604.96875
1545,158305.171875
1546,154625.953125
1547,172043.1875
1548,192506.484375
1549,205035.46875
1550,209966.421875
1551,115388.953125
1552,178598.15625
1553,160005.390625
1554,174680.921875
1555,122975.6796875
1556,132743.4375
1557,211689.453125
1558,180134.703125
1559,167474.484375
1560,143085.15625
1561,226221.8125
1562,210713.75
1563,126603.109375
1564,244282.53125
1565,210618.921875
1566,108677.546875
1567,124809.34375
1568,162498.4375
1569,139463.796875
1570,143368.15625
1571,178343.21875
1572,182965.125
1573,171284.640625
1574,138445.59375
1575,142705.078125
1576,211114.46875
1577,168341.796875
1578,269130.75
1579,190037.890625
1580,180636.84375
1581,165569.828125
1582,160721.84375
1583,162358.921875
1584,159109.359375
1585,191199.9375
1586,216874.59375
1587,137087.53125
1588,107541.7421875
1589,192994.515625
1590,189538.359375
1591,125316.8515625
1592,184210.796875
1593,157707.5
1594,159564.84375
1595,157233.203125
1596,151716.59375
1597,134940.515625
1598,179972.484375
1599,186122.890625
1600,203434.234375
1601,170719.1875
1602,94141.1953125
1603,116763.8984375
1604,154026
1605,144532.671875
1606,180738.1875
1607,177366.859375
1608,165119.859375
1609,162746.703125
1610,191553.796875
1611,152148.5
1612,130952.59375
1613,165418.015625
1614,161706.984375
1615,185687.25
1616,138095.0625
1617,194669.1875
1618,177674.75
1619,160513.3125
1620,205412.125
1621,171075.34375
1622,281667.375
1623,111478.8046875
1624,295717.6875
1625,188693.65625
1626,166628.796875
1627,166266.4375
1628,213780.359375
1629,141610.578125
1630,187007.4375
1631,201956.015625
1632,206344
1633,259741.890625
1634,165820.015625
1635,268893.15625
1636,162101.25
1637,185347.28125
1638,138457.4375
1639,243883.21875
1640,149034.9375
1641,186227.453125
1642,140827.421875
1643,195328.046875
1644,119899.1171875
1645,129630.0859375
1646,200100.21875
1647,265633.34375
1648,143982.671875
1649,202004.0625
1650,170482.953125
1651,191841.078125
1652,150223
1653,146667.296875
1654,258873.109375
1655,141747.015625
1656,171445.546875
1657,179137.265625
1658,155910.984375
1659,231095.640625
1660,197644.546875
1661,199286.21875
1662,210922.25
1663,159788.703125
1664,149666.8125
1665,242604.78125
1666,158892.234375
1667,187449.15625
1668,123938.8984375
1669,145609.609375
1670,176105.5625
1671,148339.234375
1672,149464.3125
1673,131117.515625
1674,168898.84375
1675,208579.34375
1676,143772.65625
1677,178618.390625
1678,120263.2109375
1679,166402.875
1680,162594.15625
1681,169952.1875
1682,156089.265625
1683,160853.171875
1684,149877.9375
1685,143642.3125
1686,174401.734375
1687,186441.09375
1688,184147.375
1689,137894.875
1690,190442.109375
1691,176103.546875
1692,148934.78125
1693,197149.890625
1694,232269.328125
1695,300217.21875
1696,159415.484375
1697,145207.3125
1698,152188.359375
1699,262826.46875
1700,184979.9375
1701,290945.9375
1702,212650.609375
1703,150790.484375
1704,252091.75
1705,182416.15625
1706,176300.25
1707,165944.28125
1708,158154.1875
1709,230264.96875
1710,147443.5625
1711,145446.125
1712,150617.421875
1713,140063.984375
1714,159718.3125
1715,130854.359375
1716,162482.65625
1717,145125.25
1718,176301.15625
1719,186907.40625
1720,196481.21875
1721,150287.828125
1722,142218.375
1723,253554
1724,176527.015625
1725,120611.25
1726,170477.921875
1727,145468.59375
1728,111041.03125
1729,164786.578125
1730,142319.390625
1731,155468.671875
1732,151299.8125
1733,206952.546875
1734,152896.671875
1735,154441.015625
1736,207335.75
1737,184120.328125
1738,221848.84375
1739,181466.71875
1740,174326.453125
1741,174525.0625
1742,222347.46875
1743,136178.34375
1744,192608.90625
1745,257448.765625
1746,184444.9375
1747,151031.9375
1748,165801
1749,210949.015625
1750,139483.65625
1751,153760.140625
1752,111637.7421875
1753,147871.328125
1754,157568.671875
1755,132589.390625
1756,218197.171875
1757,191820.75
1758,233264.578125
1759,169529.90625
1760,171922.015625
1761,167730.84375
1762,251650.125
1763,149751.390625
1764,180844.90625
1765,147473.109375
1766,127860.640625
1767,189036.28125
1768,129395.984375
1769,243100.171875
1770,126195.28125
1771,138831.71875
1772,170033.53125
1773,133492.453125
1774,293148.78125
1775,174226.515625
1776,180594.5
1777,259904.671875
1778,151426.96875
1779,167216.96875
1780,202505.984375
1781,172501.046875
1782,143185.265625
1783,167457.78125
1784,124224.5078125
1785,158829.21875
1786,169368.03125
1787,169877.953125
1788,136694.703125
1789,313375.96875
1790,150754.0625
1791,190871.171875
1792,205980.9375
1793,155111.71875
1794,189183.828125
1795,189507.890625
1796,137321.984375
1797,116473.8828125
1798,89581.3515625
1799,140019.09375
1800,181351.171875
1801,171880.828125
1802,237888.28125
1803,177708.59375
1804,183038.609375
1805,164897.875
1806,171409.203125
1807,166314.15625
1808,119225.90625
1809,152652.296875
1810,114048.9375
1811,168499.25
1812,140199.75
1813,176675.03125
1814,161062.15625
1815,144291.296875
1816,138192.609375
1817,272549.34375
1818,131920.5625
1819,120119.578125
1820,180449.96875
1821,168411.984375
1822,234655.625
1823,164116.09375
1824,193085.203125
1825,146243.703125
1826,218950.265625
1827,192334.515625
1828,257502.796875
1829,164039.765625
1830,164605.65625
1831,233894.84375
1832,214953.09375
1833,179530.078125
1834,122859.3984375
1835,129357.5546875
1836,125576.0703125
1837,268257.5625
1838,201911.859375
1839,247507.6875
1840,95869
1841,178395.515625
1842,146528.40625
1843,158666.484375
1844,245918.234375
1845,171904.078125
1846,187233.578125
1847,251080.703125
1848,276471.78125
1849,150590.296875
1850,106968.1171875
1851,237701.25
1852,193146.71875
1853,166802.09375
1854,179419.734375
1855,203056.0625
1856,196558.796875
1857,114154.53125
1858,227313.546875
1859,170216.953125
1860,210287.984375
1861,144210.390625
1862,156387.28125
1863,173043.65625
1864,186855.640625
1865,141112.953125
1866,179425.03125
1867,167758.90625
1868,94560.4140625
1869,176275.234375
1870,232158.109375
1871,138282.796875
1872,143793.203125
1873,150466.125
1874,144701.484375
1875,168874.796875
1876,182352.421875
1877,193885.46875
1878,157544.5
1879,161417.09375
1880,145240.96875
1881,278821.625
1882,167103.140625
1883,126713.328125
1884,140486.28125
1885,183518.921875
1886,176105.5
1887,160515.875
1888,119554.71875
1889,156708.921875
1890,202177.9375
1891,95728.3203125
1892,163034.359375
1893,193873.359375
1894,238828.046875
1895,191210.671875
1896,132059.09375
1897,193397.125
1898,217648.953125
1899,161169.65625
1900,114244.8828125
1901,138886.40625
1902,218414.359375
1903,151376.765625
1904,176352.015625
1905,138019.28125
1906,132034.5
1907,172385.734375
1908,141067.65625
1909,176922.90625
1910,171835.484375
1911,158272.3125
1912,219735.546875
1913,194620.78125
1914,129653.328125
1915,115378.59375
1916,145967.703125
1917,158055.5
1918,176892.390625
1919,152045.140625
1920,182942.3125
1921,117302.3671875
1922,133422.078125
1923,175369.359375
1924,150289.109375
1925,206822.6875
1926,126609.0703125
1927,156581.609375
1928,192216.765625
1929,139324.984375
1930,296202.5
1931,174680.765625
1932,183439.09375
1933,198041.984375
1934,108128.7890625
1935,159424.6875
1936,131347.375
1937,211421.28125
1938,108847.2109375
1939,199732.25
1940,131681.78125
1941,113890.5703125
1942,150455.296875
1943,160415.859375
1944,172013.28125
1945,148272.5625
1946,167515.90625
1947,190205
1948,119333.15625
1949,170768.359375
1950,122227.1796875
1951,171378.09375
1952,326050.4375
1953,179356.75
1954,127319.4296875
1955,145477.078125
1956,217406.859375
1957,181534.375
1958,178007.640625
1959,184784.96875
1960,104392.875
1961,178164.171875
1962,175180.84375
1963,166343.703125
1964,141352.234375
1965,121924.609375
1966,86796.7109375
1967,152646.390625
1968,186681.78125
1969,187246.78125
1970,164526.296875
1971,154457.21875
1972,232511.84375
1973,231544.609375
1974,133200.484375
1975,176708.234375
1976,111848.828125
1977,163458.78125
1978,201062.53125
1979,119931.109375
1980,151278.28125
1981,175724.3125
1982,114783.78125
1983,189548.21875
1984,192811.03125
1985,131920.1875
1986,247732.6875
1987,131526.359375
1988,189795.109375
1989,164915.90625
1990,169545.75
1991,131334.171875
1992,141168.015625
1993,166909.21875
1994,139775.046875
1995,173348.703125
1996,264469.90625
1997,163679.109375
1998,219671.59375
1999,152932.015625
2000,170368.296875
2001,228944.75
2002,272492.4375
2003,276607.71875
2004,119534.921875
2005,146420.046875
2006,275009.375
2007,133572.890625
2008,190646.65625
2009,184363.5
2010,130970.53125
2011,190056.75
2012,244453.609375
2013,146241.765625
2014,191583.234375
2015,170131.125
2016,257151.34375
2017,143709.84375
2018,152415.125
2019,187607.78125
2020,161623.6875
2021,118598.1328125
2022,139755.953125
2023,184621.890625
2024,207980.640625
2025,287039.25
2026,184553.609375
2027,178846.40625
2028,138167.390625
2029,148137.703125
2030,112650.3828125
2031,154777.375
2032,239973.640625
2033,325401.34375
2034,203496.46875
2035,165606.1875
2036,173234.796875
2037,163563.6875
2038,126432.1328125
2039,125534.8828125
2040,130162.625
2041,101950.6640625
2042,211377.3125
2043,182674.859375
2044,153010.4375
2045,180938.40625
2046,145457.65625
2047,141070.625
2048,150496.78125
2049,166022.453125
2050,123469.1328125
2051,222624.328125
2052,136058.15625
2053,261779.171875
2054,206883.09375
2055,236374.9375
2056,227803.171875
2057,150884.375
2058,139366.53125
2059,156079.578125
2060,187455.453125
2061,195808.3125
2062,198032.015625
2063,170598.5625
2064,156946.65625
2065,170062.0625
2066,152351.53125
2067,200861.671875
2068,202147.90625
2069,114592.78125
2070,188504.796875
2071,173855.65625
2072,230145.5625
2073,148515.953125
2074,130701.015625
2075,149768.890625
2076,154600.703125
2077,196492.25
2078,154872.4375
2079,141644.46875
2080,210530.546875
2081,154298.5
2082,191515.484375
2083,176655.3125
2084,291521.40625
2085,216538.140625
2086,202137.53125
2087,202281.796875
2088,152071.25
2089,156454.109375
2090,216080.703125
2091,129265.8046875
2092,215067.5625
2093,122942.7109375
2094,194817.28125
2095,146537.125
2096,146422.984375
2097,158974.1875
2098,167748.75
2099,151020.609375
2100,199229.859375
2101,148995.34375
2102,214893.703125
2103,221369.734375
2104,170678.765625
2105,183149.15625
2106,265252.15625
2107,178708.5625
2108,189863.84375
2109,207532.40625
2110,207387.046875
2111,117840.9140625
2112,159681.359375
2113,139554.171875
2114,125498.078125
2115,252848.015625
2116,126483.5234375
2117,211454.046875
2118,144134.203125
2119,144481.546875
2120,186847.265625
2121,140986.34375
2122,138233.140625
2123,140592.265625
2124,193425.34375
2125,169890.578125
2126,266545.28125
2127,107191.203125
2128,200384.984375
2129,215425.578125
2130,200298.65625
2131,161989.96875
2132,143904.484375
2133,227036.609375
2134,190741.59375
2135,191819.8125
2136,230052.4375
2137,150164.03125
2138,173080.6875
2139,190352.71875
2140,156283.171875
2141,212503.328125
2142,205255.8125
2143,184857.171875
2144,178481.96875
2145,192528.71875
2146,155984.046875
2147,178187.640625
2148,241700.671875
2149,152826.953125
2150,229714.3125
2151,171106.84375
2152,157671.125
2153,178655.9375
2154,204516.5625
2155,156897.8125
2156,189441.171875
2157,190570.59375
2158,182088.40625
2159,219648.1875
2160,130912.453125
2161,126348.6328125
2162,237977.71875
2163,151342.984375
2164,118059.8671875
2165,189522.859375
2166,176294.75
2167,166684
2168,156024.5625
2169,197120.1875
2170,253053.890625
2171,175063.203125
2172,222911.140625
2173,186006.75
2174,112743.234375
2175,150957.765625
2176,130163.828125
2177,189119.140625
2178,166605.484375
2179,183813.953125
2180,174926.4375
2181,182178.96875
2182,138930.09375
2183,187082.953125
2184,196480.96875
2185,179702.328125
2186,111820.5
2187,221158.90625
2188,159042.875
2189,168891.671875
2190,163760.828125
2191,194423.609375
2192,159643.09375
2193,138674.734375
2194,228666.5
2195,144714.96875
2196,195845.9375
2197,159407.171875
2198,158102.484375
2199,207746.453125
2200,233774.421875
2201,190877.328125
2202,154841.515625
2203,173160.296875
2204,158629.65625
2205,146465.015625
2206,163446.25
2207,181814.84375
2208,136020.578125
2209,150390.890625
2210,148046.859375
2211,185098.140625
2212,262396.5625
2213,181153.953125
2214,152143.140625
2215,207171.203125
2216,180861.578125
2217,178200.9375
2218,184193.65625
2219,136545.75
2220,124505.3515625
2221,153800.296875
2222,197887.609375
2223,149744.765625
2224,214960.578125
2225,144773.78125
2226,181309.59375
2227,205902.78125
2228,112255.4453125
2229,177161.28125
2230,195907.9375
2231,247238.953125
2232,130630.9609375
2233,175901.515625
2234,195607.078125
2235,162519.3125
2236,154194.390625
2237,239531.859375
2238,140331.484375
2239,129473.9296875
2240,174565.59375
2241,132528.796875
2242,245865.3125
2243,186774.484375
2244,144329.078125
2245,171488.609375
2246,147443.5625
2247,191472.25
2248,156572.828125
2249,222449.484375
2250,219833.484375
2251,141962.703125
2252,167110.515625
2253,119669.3125
2254,232949.890625
2255,112444.5234375
2256,194566.359375
2257,224572.03125
2258,184511.703125
2259,169093.953125
2260,184192.171875
2261,154693.8125
2262,203209.109375
2263,226468.625
2264,200756.671875
2265,137936.421875
2266,200484.890625
2267,191948.328125
2268,175893.40625
2269,174140.96875
2270,192746.953125
2271,153576.3125
2272,169358.21875
2273,137038.03125
2274,193817.546875
2275,160004.8125
2276,190248.578125
2277,127149.609375
2278,178618.3125
2279,167659.015625
2280,174741.671875
2281,169138.8125
2282,139706.265625
2283,224873.96875
2284,311293.3125
2285,178711.453125
2286,107404.859375
2287,157260.265625
2288,169958.046875
2289,174177.046875
2290,222540.671875
2291,193514.96875
2292,250142.828125
2293,222193.765625
2294,157110.15625
2295,218126.8125
2296,115156.2578125
2297,141292.953125
2298,174016.9375
2299,157405.234375
2300,136487.40625
2301,162584.125
2302,130307.5
2303,258371.28125
2304,231127.0625
2305,197593.125
2306,185995.265625
2307,187808.453125
2308,170879.140625
2309,187720.1875
2310,123893.46875
2311,231734.203125
2312,213922.78125
2313,209301.96875
2314,196219.578125
2315,121787.78125
2316,186705.8125
2317,115596.953125
2318,211320.1875
2319,199803.46875
2320,135519.390625
2321,174698.4375
2322,126049.0390625
2323,147902.765625
2324,125451.1171875
2325,181483.71875
2326,173297.09375
2327,279387.65625
2328,205954.84375
2329,172277.265625
2330,213342.140625
2331,163429.203125
2332,160561.984375
2333,155345.3125
2334,196278.671875
2335,111257.46875
2336,208579
2337,119041.671875
2338,132504.875
2339,121969.46875
2340,325582.5
2341,162781.265625
2342,165123.140625
2343,166025.34375
2344,189559.5625
2345,176694.140625
2346,222414.65625
2347,212298.875
2348,150069.890625
2349,175499.25
2350,167217.078125
2351,188792.609375
2352,126482.828125
2353,270857.78125
2354,181132.96875
2355,164250
2356,141016.546875
2357,150809.953125
2358,224677.4375
2359,140881.9375
2360,148970.15625
2361,125091.96875
2362,210733.4375
2363,180490.09375
2364,156520.421875
2365,142643.25
2366,175075.453125
2367,174839.984375
2368,148579.4375
2369,129209.078125
2370,143314.28125
2371,174000.96875
2372,199644.171875
2373,120974.7265625
2374,156883.578125
2375,140994.59375
2376,172009.796875
2377,219908.109375
2378,148062.484375
2379,88167.6328125
2380,200160.53125
2381,190442.921875
2382,184083.359375
2383,162743.890625
2384,146016.71875
2385,128254.2734375
2386,229104.1875
2387,114424.140625
2388,175775.9375
2389,146965.828125
2390,129864.328125
2391,112309.59375
2392,200169.1875
2393,154406.953125
2394,147811.4375
2395,136193.921875
2396,212141
2397,235628.5625
2398,179940.078125
2399,202360.40625
2400,166895.359375
2401,176410.21875
2402,162290.375
2403,151358.015625
2404,184533.890625
2405,199058.40625
2406,168398.4375
2407,131440.109375
2408,125194.28125
2409,199462.28125
2410,155138.78125
2411,162446.5
2412,183994.671875
2413,108873.3359375
2414,159816
2415,198131.46875
2416,166225.453125
2417,168464.296875
2418,147225.203125
2419,249868.40625
2420,189234.84375
2421,133298.046875
2422,138240.75
2423,178448.46875
2424,151207.59375
2425,144616.015625
2426,176782.53125
2427,200580.671875
2428,157582.640625
2429,142256.390625
2430,195181.515625
2431,174580.578125
2432,113530.5
2433,155689.203125
2434,178949.8125
2435,168496.796875
2436,199207.53125
2437,129052.1171875
2438,213941.109375
2439,150953.53125
2440,118437.046875
2441,136790.703125
2442,155309.984375
2443,164626.421875
2444,115538.578125
2445,154927.296875
2446,253744.78125
2447,169579.25
2448,214671.421875
2449,151680.453125
2450,126448.8671875
2451,183635.359375
2452,238787.734375
2453,269115.625
2454,176323.4375
2455,121812.390625
2456,100836.6875
2457,134386.75
2458,132785.859375
2459,153451.640625
2460,216909.84375
2461,131911.625
2462,203676.59375
2463,133871.296875
2464,171740.609375
2465,175089.40625
2466,79842.8671875
2467,128066.796875
2468,150810.890625
2469,121797.25
2470,175289.390625
2471,153165.875
2472,191551.71875
2473,211259.53125
2474,120552.625
2475,144707.671875
2476,172435.59375
2477,201167.890625
2478,157444.6875
2479,176849.9375
2480,218619.078125
2481,140747.484375
2482,218196.265625
2483,176525.015625
2484,174634.890625
2485,231717.859375
2486,199859.125
2487,166736.9375
2488,163808.8125
2489,159732.0625
2490,193481.96875
2491,220410.015625
2492,164698.734375
2493,307287.90625
2494,179303.453125
2495,120354.8828125
2496,163608.375
2497,156350.796875
2498,169352.21875
2499,124889.3125
2500,115811.7890625
2501,132642.46875
2502,179115.34375
2503,153099.75
2504,180721.046875
2505,212845.484375
2506,171513.140625
2507,224321.890625
2508,161409.921875
2509,172920.171875
2510,186622.109375
2511,170941.828125
2512,208758.375
2513,109775.4140625
2514,156316.078125
2515,150824.453125
2516,161190.5625
2517,149468.703125
2518,253574.15625
2519,244608.53125
2520,145209.546875
2521,180584.890625
2522,171541.3125
2523,153975.921875
2524,240725.71875
2525,157217.1875
2526,179852.109375
2527,244788.21875
2528,199667.1875
2529,177449.515625
2530,155464.90625
2531,130895.0078125
2532,212609.65625
2533,164639.171875
2534,184688.65625
2535,190240.171875
2536,222250.359375
2537,184790.875
2538,135540.375
2539,170551.875
2540,140226.765625
2541,145066.375
2542,168399.328125
2543,176446.828125
2544,188595.3125
2545,168754.796875
2546,165274.078125
2547,181007.59375
2548,153330.390625
2549,154700.5625
2550,174953.140625
2551,141623.546875
2552,162442.890625
2553,129905.2578125
2554,159274.0625
2555,173903.828125
2556,116534.046875
2557,154912.171875
2558,151196.9375
2559,163413.453125
2560,129590.2890625
2561,179931.9375
2562,207565.875
2563,165616.6875
2564,217000.609375
2565,113841.3046875
2566,127458.1171875
2567,145151.5
2568,117907.0625
2569,217453.171875
2570,161714.390625
2571,197631.953125
2572,123808.4453125
2573,152609.5
2574,220505
2575,108262.8359375
2576,136227.390625
2577,136299.671875
2578,189533.09375
2579,185756.0625
2580,165224
2581,176710.59375
2582,207549.140625
2583,158528.796875
2584,155650.4375
2585,158352.25
2586,126674.1796875
2587,160841.328125
2588,175051.484375
2589,146792.296875
2590,173830.546875
2591,150556.625
2592,126978.0078125
2593,213713.609375
2594,207731.265625
2595,148747.53125
2596,175727.546875
2597,161240.421875
2598,163741.78125
2599,177580.859375
2600,136500.234375
2601,199967.140625
2602,130774.2421875
2603,146101.90625
2604,185282.453125
2605,155474.453125
2606,163026.734375
2607,192506.75
2608,213760.796875
2609,215864.125
2610,268539.25
2611,174410.5
2612,118450.2578125
2613,171877.890625
2614,159309.125
2615,173066.375
2616,153151.40625
2617,133074.15625
2618,162027.90625
2619,171567.203125
2620,129113.0234375
2621,140088.53125
2622,207273.84375
2623,169610.609375
2624,242075.34375
2625,213589.203125
2626,135431.125
2627,274440.625
2628,110365.0390625
2629,175735.046875
2630,176860.90625
2631,192189.90625
2632,227148.15625
2633,142591.203125
2634,186323.296875
2635,136662.609375
2636,160928.125
2637,132545.125
2638,146544.203125
2639,164814.953125
2640,154400.328125
2641,180249
2642,148183.3125
2643,185759.765625
2644,158345.71875
2645,222669.625
2646,153256.90625
2647,213398.65625
2648,161648.984375
2649,195236.359375
2650,176102.375
2651,180461.59375
2652,175387.59375
2653,182922.375
2654,199187.078125
2655,151970.890625
2656,141882.265625
2657,206091.28125
2658,177435.609375
2659,198237.890625
2660,169509.046875
2661,181382.515625
2662,202692.640625
2663,131606.765625
2664,212623.4375
2665,201654.5
2666,147616.34375
2667,159344.1875
2668,142629.3125
2669,244883.640625
2670,142807.09375
2671,122334.0234375
2672,135123.578125
2673,184233.046875
2674,129892.4140625
2675,135529.859375
2676,165479.84375
2677,200775.28125
2678,177531.78125
2679,256702.34375
2680,175924.796875
2681,142540.296875
2682,194865.390625
2683,147975.96875
2684,102966.3828125
2685,128433.2421875
2686,177624.46875
2687,200310.875
2688,219122.25
2689,171798.421875
2690,123084.9453125
2691,135997.265625
2692,122761.390625
2693,130779.7421875
2694,199014.515625
2695,189131.5
2696,155001.296875
2697,236672.859375
2698,159276.5625
2699,163084.875
2700,265944.5625
2701,155074.40625
2702,137443.203125
2703,137289.90625
2704,224063.75
2705,191661.03125
2706,225740.25
2707,130660.1796875
2708,164058.421875
2709,157541.625
2710,143910.125
2711,232173.828125
2712,131572.5625
2713,206220.03125
2714,189958.375
2715,173357.75
2716,175595.96875
2717,125337.4140625
2718,172333.359375
2719,167718.484375
2720,171652.78125
2721,206900.625
2722,140508.1875
2723,191921.625
2724,185808.3125
2725,167645.34375
2726,193764.046875
2727,204311.71875
2728,351244.71875
2729,134138.265625
2730,240124.421875
2731,160761.140625
2732,273999.53125
2733,173905.421875
2734,232420
2735,142809.171875
2736,151770.90625
2737,174937.59375
2738,146872.03125
2739,156117.234375
2740,181300.21875
2741,134448.375
2742,175102.234375
2743,130235.9296875
2744,119211.7265625
2745,169671.59375
2746,197037.8125
2747,184379.375
2748,182089.578125
2749,221492.359375
2750,141927.640625
2751,187489.203125
2752,113716.1875
2753,183270.90625
2754,125112.8125
2755,161190.8125
2756,253472.359375
2757,166004.8125
2758,145110.203125
2759,178662.75
2760,166764.078125
2761,164769.796875
2762,169842.921875
2763,107174.84375
2764,178459
2765,158031.96875
2766,151008.390625
2767,244465.96875
2768,150945.234375
2769,194297.171875
2770,163721.046875
2771,173175.5
2772,171542.5625
2773,182320.390625
2774,159582.4375
2775,129948.515625
2776,119027
2777,181841.40625
2778,187978.65625
2779,145945.25
2780,141315.46875
2781,187258.765625
2782,120881.796875
2783,132265.515625
2784,161390.4375
2785,150480.421875
2786,215876.6875
2787,167314.25
2788,168115.25
2789,245733.6875
2790,195455.390625
2791,117738.7578125
2792,160068.296875
2793,188409.359375
2794,163454.09375
2795,141930.953125
2796,254891.234375
2797,124445.5
2798,183425.90625
2799,175029.75
2800,197013.03125
2801,152616.25
2802,137419.453125
2803,210081.015625
2804,204554.3125
2805,150986.90625
2806,119286.9765625
2807,206900.671875
2808,163546.84375
2809,126595.3203125
2810,133491.21875
2811,171257.21875
2812,233124.25
2813,195948.953125
2814,178032.8125
2815,233172.8125
2816,172068.4375
2817,246841.109375
2818,148072.265625
2819,147427.546875
2820,323560.125
2821,159732.1875
2822,165880.125
2823,152412.8125
2824,215500.828125
2825,166596.421875
2826,129779.671875
2827,120830.40625
2828,155045
2829,133625.546875
2830,211669.484375
2831,171043.171875
2832,144731.859375
2833,155107.265625
2834,196612.109375
2835,150720.734375
2836,202803.390625
2837,257785.3125
2838,169802.8125
2839,178142.203125
2840,138960.328125
2841,129370.9765625
2842,176070.25
2843,167596.109375
2844,199246.203125
2845,118231.53125
2846,247655.53125
2847,197710.265625
2848,205343.96875
2849,107515.828125
2850,181345.609375
2851,147437.296875
2852,124262.5234375
2853,183627.78125
2854,182867.265625
2855,168073.296875
2856,282575
2857,160793.78125
2858,223466.25
2859,133746.515625
2860,163834.46875
2861,173418.46875
2862,174712.765625
2863,155426.625
2864,201838.53125
2865,251838.390625
2866,188234.59375
2867,154619.625
2868,172929.125
2869,119766.7734375
2870,144684.328125
2871,165737.90625
2872,168433.734375
2873,136541.734375
2874,136544.6875
2875,239074.84375
2876,129629.3828125
2877,141792.453125
2878,146557.765625
2879,159815.6875
2880,242644.40625
2881,119881.875
2882,149117.84375
2883,221352.5
2884,236356.0625
2885,121899.1484375
2886,206676.8125
2887,206865.96875
2888,204890.65625
2889,136443.234375
2890,146153.5
2891,145557.359375
2892,159885.078125
2893,223021.140625
2894,138746.34375
2895,205865.40625
2896,159930.453125
2897,132743.828125
2898,198855.859375
2899,197504.9375
2900,142046.953125
2901,142599.5625
2902,151693.78125
2903,327053.875
2904,181396.328125
2905,146415.65625
2906,234718.046875
2907,139788.9375
2908,196765.140625
2909,186807.671875
2910,194669.34375
2911,162009.578125
2912,147316.765625
2913,194697.484375
2914,199569.75
2915,155933.21875
2916,235253.234375
2917,162205.859375
2918,128162.1796875
2919,176634.34375
2920,190070.96875
2921,274558.625
2922,229679.40625
2923,197751.140625
2924,174392.46875
2925,218734.71875
2926,172433.359375
2927,130102.9375
2928,196051.828125
2929,133069.46875
2930,155589.796875
2931,183533.546875
2932,226333.6875
2933,162025.5625
2934,214755.078125
2935,134989.171875
2936,230597.21875
2937,194472.796875
2938,151195.96875
2939,154459.625
2940,219445.9375
2941,169509.453125
2942,168036.25
2943,164838.9375
2944,191777.0625
2945,207614.296875
2946,167692.703125
2947,165963.03125
2948,146764.515625
2949,161028.34375
2950,129634.8359375
2951,133433.59375
2952,151325.890625
2953,189997.453125
2954,197889.296875
2955,199501.046875
2956,268832.4375
2957,158717.765625
2958,279599.90625
2959,166555.515625
2960,125215.6953125
2961,153545.578125
2962,147784.46875
2963,181450.375
2964,305897.84375
2965,122858.890625
2966,167022.65625
2967,131311.515625
2968,155689.421875
2969,280688.125
2970,157932.859375
2971,154388.796875
2972,206597.953125
2973,203960.390625
2974,181399.890625
2975,178739.953125
2976,200549.46875
2977,171970.78125
2978,163654.53125
2979,183622.65625
2980,140744.5625
2981,157031.1875
2982,140998.609375
2983,225310.34375
2984,123798.109375
2985,142456.328125
2986,133597.875
2987,163513.484375
2988,132923.859375
2989,130265.2890625
2990,141325.03125
2991,159777.75
2992,140080.203125
2993,129253.5078125
2994,170583.9375
2995,243241.265625
2996,175448.90625
2997,125727.84375
2998,140627.296875
2999,165240.546875
3000,133895.359375
3001,189312.03125
3002,173965.453125
3003,152548.390625
3004,150413.53125
3005,196638.796875
3006,202635.0625
3007,115792.2734375
3008,144900.03125
3009,179066.578125
3010,189682.421875
3011,187187.640625
3012,112897.2890625
3013,111157.0234375
3014,308068.125
3015,114453.6875
3016,208146.875
3017,170900.953125
3018,176881.4375
3019,151175.421875
3020,195578.96875
3021,133529.1875
3022,180404.390625
3023,119945.421875
3024,145291.640625
3025,143412.609375
3026,133350.234375
3027,116431.5546875
3028,145689.640625
3029,155654.875
3030,148131.3125
3031,158232.75
3032,257040.109375
3033,240082.765625
3034,128762.8515625
3035,111175.375
3036,200384.84375
3037,103359.1796875
3038,174567.03125
3039,135851.03125
3040,162839.3125
3041,147910.1875
3042,196626.6875
3043,146311.625
3044,157147.609375
3045,175100.984375
3046,170763.078125
3047,169323.6875
3048,190898.75
3049,135228.328125
3050,203396.890625
3051,183444.6875
3052,186109.390625
3053,149283.046875
3054,196511.546875
3055,153527.359375
3056,178032.296875
3057,217522.734375
3058,163356.734375
3059,206035.109375
3060,181202.71875
3061,224277.109375
3062,135607.109375
3063,176567
3064,230847.578125
3065,189737.1875
3066,132805.25
3067,123998.765625
3068,144986.40625
3069,222017.796875
3070,153157.671875
3071,182760.53125
3072,178133.421875
3073,186072.671875
3074,160408.390625
3075,171202
3076,131793.59375
3077,95069.171875
3078,139831.328125
3079,114037.7421875
3080,132347.21875
3081,134970.703125
3082,150009.4375
3083,178602.703125
3084,227710.875
3085,223835.375
3086,215401.734375
3087,126209.828125
3088,150216.28125
3089,201152.625
3090,165350.296875
3091,139444.078125
3092,98649.0546875
3093,200399.65625
3094,175576.4375
3095,162137.671875
3096,156313.109375
3097,144304.78125
3098,178812.859375
3099,116083.7109375
3100,132287.625
3101,147725.625
3102,170266.890625
3103,140364.140625
3104,134320.640625
3105,193127.515625
3106,174244.203125
3107,188880.0625
3108,155765.875
3109,123160.1796875
3110,142686.328125
3111,184189.953125
3112,204139.0625
3113,135229.484375
3114,261255.0625
3115,188594.78125
3116,135175.1875
3117,153981.375
3118,181626.90625
3119,189981.9375
3120,125960.3984375
3121,178302.1875
3122,179619.265625
3123,216618.203125
3124,177135.109375
3125,181438.0625
3126,201569.6875
3127,148860.859375
3128,187022.390625
3129,119762.234375
3130,165653.203125
3131,192206.40625
3132,182156.8125
3133,160252.703125
3134,194615.234375
3135,145526.703125
3136,124011.8828125
3137,253817.1875
3138,154657.390625
3139,148083.84375
3140,161958.4375
3141,171331.703125
3142,171701.3125
3143,205769.640625
3144,213964.65625
3145,232389.203125
3146,156396.75
3147,134475.984375
3148,135348.578125
3149,127164.234375
3150,211935.296875
3151,177141.53125
3152,226262.359375
3153,221572.59375
3154,170529.5625
3155,173461.03125
3156,172851.84375
3157,190901.828125
3158,230846.984375
3159,154241.015625
3160,179179.15625
3161,221946.046875
3162,146221.484375
3163,271348.65625
3164,198552.03125
3165,172691.1875
3166,211782.25
3167,205562.703125
3168,157685.71875
3169,137413.375
3170,124438.171875
3171,132900.65625
3172,160962.328125
3173,211866.765625
3174,215416.984375
3175,143044.015625
3176,193999.828125
3177,283991.9375
3178,202142
3179,195756.90625
3180,197111.484375
3181,166431.9375
3182,169544.203125
3183,157868.21875
3184,162062.875
3185,308700.6875
3186,191918.96875
3187,191444.375
3188,136380.484375
3189,156512.71875
3190,136857.6875
3191,191523.21875
3192,131593.5
3193,163556.546875
3194,158762.078125
3195,177504.5625
3196,238822.0625
3197,172262.296875
3198,133556.4375
3199,174560.6875
3200,225142.140625
3201,136348.125
3202,190411.1875
3203,159729.984375
3204,162683.046875
3205,116870.46875
3206,164750.96875
3207,143408.3125
3208,104743.7890625
3209,170892.03125
3210,154276.265625
3211,180917.25
3212,179084.0625
3213,152132.515625
3214,184037.46875
3215,179912.921875
3216,165590.59375
3217,250131.515625
3218,205807.140625
3219,124386.8203125
3220,117442.7265625
3221,125950.3671875
3222,175425.8125
3223,190034.953125
3224,148275.3125
3225,181049.28125
3226,130385.4765625
3227,154117.515625
3228,251691.328125
3229,127244.390625
3230,262022.359375
3231,153220.59375
3232,176112.453125
3233,156798.25
3234,144245.5
3235,163180.984375
3236,176254.546875
3237,169617.96875
3238,177594.578125
3239,169714.84375
3240,145502.21875
3241,171616.78125
3242,120434.21875
3243,112157.8359375
3244,118138.0390625
3245,237360.703125
3246,266085.15625
3247,199558.328125
3248,165528.890625
3249,163122.5625
3250,201076.59375
3251,277608.03125
3252,192422.28125
3253,119126.921875
3254,155728.484375
3255,202314.9375
3256,198415.71875
3257,315714.125
3258,199756.78125
3259,197360.796875
3260,174188.875
3261,206892.421875
3262,292859.5
3263,126490.421875
3264,169136.1875
3265,167719.84375
3266,185452.640625
3267,132029.9375
3268,110022.8125
3269,169321.21875
3270,238469.625
3271,194485.984375
3272,144947.03125
3273,172503.0625
3274,138858.5625
3275,219338.984375
3276,195171.296875
3277,173047.328125
3278,151325.84375
3279,216481.0625
3280,178822.125
3281,212737.609375
3282,192760.5
3283,165775.140625
3284,186742.859375
3285,132435.671875
3286,188430.4375
3287,154934.0625
3288,148040.890625
3289,196811.4375
3290,146031.078125
3291,217349.75
3292,166903.453125
3293,141222.5625
3294,164203.9375
3295,158361.171875
3296,136207.078125
3297,189801.15625
3298,152179.140625
3299,177585.640625
3300,175069.25
3301,131579.734375
3302,140985.296875
3303,248909.84375
3304,150850.765625
3305,161222.546875
3306,159694.921875
3307,153484.875
3308,193911.953125
3309,200870.453125
3310,170801.046875
3311,256261.609375
3312,153513.34375
3313,183426.1875
3314,162926.421875
3315,163785.625
3316,235857.34375
3317,190644.9375
3318,200920.4375
3319,118738.9921875
3320,236224.09375
3321,245188.46875
3322,145675.5625
3323,121391.75
3324,222129.15625
3325,137062.71875
3326,193173.78125
3327,295790.375
3328,131596.046875
3329,251639.875
3330,174303.71875
3331,204523.671875
3332,172714.375
3333,142005.359375
3334,142592.71875
3335,178528.09375
3336,141731.328125
3337,145432.046875
3338,187724.0625
3339,159034.578125
3340,182973.625
3341,251473.453125
3342,151776.8125
3343,160907.5625
3344,167756.3125
3345,130013.4453125
3346,212252.0625
3347,131255.84375
3348,212976.3125
3349,220389.71875
3350,133251.625
3351,219444.9375
3352,165707.578125
3353,109332.8515625
3354,177221.671875
3355,153739.984375
3356,126992.515625
3357,152150.140625
3358,201000.78125
3359,204986.796875
3360,162980.46875
3361,166743.703125
3362,197202.03125
3363,183859.703125
3364,208444.734375
3365,216048.484375
3366,122192.546875
3367,184761.484375
3368,169261.203125
3369,171059.96875
3370,187809.3125
3371,125531.3984375
3372,96720.8046875
3373,244129.421875
3374,161464.703125
3375,101262.296875
3376,180631.296875
3377,193909.90625
3378,153020.546875
3379,134692.671875
3380,182733.765625
3381,102336.4609375
3382,158556.703125
3383,188574.921875
3384,250394.90625
3385,122218.2421875
3386,202000.71875
3387,121378.96875
3388,99479.4296875
3389,156745.296875
3390,177391.8125
3391,181823.03125
3392,110496.375
3393,108433.78125
3394,180237.484375
3395,166298.421875
3396,178760.109375
3397,135634.734375
3398,191934.953125
3399,172568.15625
3400,123548.3828125
3401,177012.765625
3402,153471.78125
3403,150671.84375
3404,211890.625
3405,175559.40625
3406,162915.90625
3407,154530.390625
3408,163357.46875
3409,270062.40625
3410,166565.421875
3411,298224.34375
3412,154084.890625
3413,199246.078125
3414,181087.421875
3415,166315.421875
3416,181131.90625
3417,156715.21875
3418,155637.40625
3419,165248.515625
3420,155076.984375
3421,165990.0625
3422,183433.96875
3423,161661.578125
3424,192465.21875
3425,180943.1875
3426,126261.1953125
3427,177445.734375
3428,177940.828125
3429,167092.265625
3430,188671.078125
3431,140577.84375
3432,171903.25
3433,159413.234375
3434,203951.734375
3435,174282.65625
3436,121532.25
3437,167182.5625
3438,96248.5546875
3439,182006.984375
3440,189192.671875
3441,125515.734375
3442,162617.640625
3443,207472.765625
3444,114363.703125
3445,274543.59375
3446,184020.6875
3447,243345.421875
3448,159206.203125
3449,131699.96875
3450,188706.796875
3451,144549.96875
3452,144378.390625
3453,191862.65625
3454,140235.890625
3455,131531.453125
3456,212680.484375
3457,198349.9375
3458,199917.21875
3459,117460.890625
3460,150257.9375
3461,164910.046875
3462,134111.40625
3463,184598.046875
3464,166596.125
3465,142559.640625
3466,193864.5
3467,182652.3125
3468,168263.203125
3469,148588.328125
3470,134509.5625
3471,118050.4453125
3472,221852.15625
3473,231201.234375
3474,206762.53125
3475,140005.921875
3476,123289.9140625
3477,138311.015625
3478,134626.09375
3479,210806.625
3480,122979.1015625
3481,276965.59375
3482,177709.953125
3483,157473.5
3484,122354.1640625
3485,183129.1875
3486,214226.328125
3487,139458.015625
3488,126788.7734375
3489,178819.3125
3490,170462.4375
3491,175425.765625
3492,159968.75
3493,120331.4765625
3494,229094.40625
3495,192528.71875
3496,196045.703125
3497,155224.6875
3498,216113.5625
3499,189216.09375
3500,116299.96875
3501,176164
3502,139047.34375
3503,143854.359375
3504,185777.59375
3505,186429.796875
3506,182740.9375
3507,154139.203125
3508,190236.71875
3509,146666.46875
3510,221543.25
3511,141391.515625
3512,124912.1796875
3513,156920.78125
3514,106261.5
3515,158421.265625
3516,191999.265625
3517,190967.21875
3518,168166.09375
3519,176107.71875
3520,167642.828125
3521,169969.46875
3522,200582.328125
3523,198219.921875
3524,197584.59375
3525,116772.703125
3526,172257.90625
3527,195540.984375
3528,126263.5625
3529,113782.734375
3530,280623.96875
3531,150538.65625
3532,179445.3125
3533,183806.171875
3534,176641.34375
3535,182643.53125
3536,194940.421875
3537,155849.4375
3538,131236.609375
3539,134474.09375
3540,148620.71875
3541,175699.25
3542,241175.53125
3543,133733.296875
3544,176404.15625
3545,209997.8125
3546,152647.6875
3547,183346.796875
3548,154569.578125
3549,174228.6875
3550,198969.109375
3551,285028.5625
3552,141085.8125
3553,160320.390625
3554,160266.65625
3555,195397.984375
3556,239858.328125
3557,135546.984375
3558,150329.40625
3559,184817.890625
3560,109826.8125
3561,163250.578125
3562,146776.65625
3563,135547.03125
3564,158179.40625
3565,192583.296875
3566,119863.875
3567,138630.109375
3568,177230.828125
3569,108495.78125
3570,140861.828125
3571,150349.4375
3572,188610.34375
3573,175223.703125
3574,200748.078125
3575,156882.859375
3576,141604.28125
3577,138308.875
3578,166340.828125
3579,155014.75
3580,258079.921875
3581,191280.6875
3582,224637.1875
3583,172004.515625
3584,217655.828125
3585,203358.875
3586,161564.453125
3587,138924.5625
3588,163321.984375
3589,182575.25
3590,111639.1171875
3591,258297.6875
3592,207758.65625
3593,145508.015625
3594,171540.921875
3595,142779.28125
3596,149670.28125
3597,185553.453125
3598,279895.375
3599,165549.40625
3600,238776.09375
3601,112148.2265625
3602,137895.421875
3603,167939.84375
3604,140116.1875
3605,220767.9375
3606,149215.484375
3607,250338.3125
3608,103873.7890625
3609,244450.375
3610,154039.5625
3611,175731.359375
3612,208542.03125
3613,216317.171875
3614,188147.78125
3615,167853.0625
3616,159537.765625
3617,220954.546875
3618,190535.328125
3619,122314.15625
3620,190869.03125
3621,139021.015625
3622,190827.1875
3623,162958.234375
3624,214088.71875
3625,194852.375
3626,189118.75
3627,157375.15625
3628,127923.3125
3629,139603.953125
3630,173663.578125
3631,158709.859375
3632,144189.140625
3633,143936.109375
3634,161663.359375
3635,171800.734375
3636,149904.671875
3637,202249.3125
3638,112322.8125
3639,135968.65625
3640,153053.65625
3641,148942.921875
3642,144102.421875
3643,168355.8125
3644,119253.2265625
3645,183780.765625
3646,151634.46875
3647,238639.15625
3648,128975.9296875
3649,225839.078125
3650,143343.28125
3651,122329.703125
3652,158452.140625
3653,147498
3654,140469.171875
3655,162087.796875
3656,145671.78125
3657,229080.046875
3658,147457.859375
3659,233714.015625
3660,108486.90625
3661,260441.96875
3662,197991.875
3663,136714.453125
3664,175325.59375
3665,137054.6875
3666,191296
3667,216161.21875
3668,176099.515625
3669,150832.359375
3670,186203.796875
3671,151818.59375
3672,208094.265625
3673,221606.484375
3674,171554
3675,134436.484375
3676,167291.203125
3677,149007.78125
3678,182034.40625
3679,192377.046875
3680,250776.296875
3681,190852.40625
3682,157928.8125
3683,170179.8125
3684,162989.40625
3685,151158.296875
3686,143684.765625
3687,259301.265625
3688,145248.171875
3689,122714.0234375
3690,249912.6875
3691,161497.234375
3692,120124.1953125
3693,200134.921875
3694,162937.15625
3695,150452.28125
3696,256548.8125
3697,105344.453125
3698,150810.578125
3699,205620.40625
3700,174249.921875
3701,230871.359375
3702,163756.15625
3703,171161.34375
3704,172604.75
3705,237681.953125
3706,135458.5625
3707,179148
3708,161240.59375
3709,190142.15625
3710,119905.375
3711,136768.15625
3712,162430.4375
3713,283809.71875
3714,122291.6875
3715,150305.71875
3716,139790.625
3717,251393.390625
3718,134546.90625
3719,158516.046875
3720,250126.640625
3721,171115.09375
3722,129504.6640625
3723,162330.53125
3724,229585.734375
3725,154366.640625
3726,184395.53125
3727,129276.28125
3728,173222.609375
3729,146561.15625
3730,187606.765625
3731,141949.203125
3732,195094.546875
3733,117469.78125
3734,171690.453125
3735,155764.390625
3736,184970.15625
3737,159732.296875
3738,221112.125
3739,130455.09375
3740,164044.625
3741,125502.359375
3742,178705.171875
3743,142003.75
3744,212545.046875
3745,194967.6875
3746,163264.4375
3747,155592.828125
3748,224582.6875
3749,287650.90625
3750,147603.140625
3751,153856.515625
3752,236902.515625
3753,184659.671875
3754,205990.4375
3755,167463.71875
3756,220320.25
3757,165622
3758,236173.09375
3759,206999.671875
3760,202242.921875
3761,190867.875
3762,187073.453125
3763,187469.21875
3764,146491.140625
3765,157246.3125
3766,127403.015625
3767,145803.3125
3768,230841.125
3769,226022.546875
3770,145785.09375
3771,122836.5703125
3772,123390.3359375
3773,182546.265625
3774,183843.234375
3775,140817
3776,194436.953125
3777,149030.546875
3778,273683.34375
3779,159421.65625
3780,129391.8984375
3781,223892.34375
3782,129379.3515625
3783,226792.46875
3784,116994.3515625
3785,168368.390625
3786,99954.859375
3787,286371.40625
3788,149131.71875
3789,234496.9375
3790,141610.90625
3791,194914.890625
3792,149870.59375
3793,133762.140625
3794,162760.921875
3795,148464.484375
3796,173169.21875
3797,149835.1875
3798,158438.40625
3799,145996.375
3800,197894.25
3801,134381.296875
3802,252480.296875
3803,172619.21875
3804,124961.5625
3805,248515.09375
3806,179355.203125
3807,163482.609375
3808,222851
3809,136159.703125
3810,131631.71875
3811,191505.875
3812,197643.03125
3813,169064.734375
3814,151828.90625
3815,154186.296875
3816,136744.15625
3817,127854.8046875
3818,139092.421875
3819,182195.109375
3820,132458.265625
3821,110137.6015625
3822,174384.640625
3823,165886.96875
3824,94832.90625
3825,149994.890625
3826,160094.3125
3827,153055.984375
3828,189103.09375
3829,159525.984375
3830,146799.234375
3831,216358.296875
3832,165711.75
3833,147337.828125
3834,134571.28125
3835,172863.765625
3836,224478.40625
3837,245184.390625
3838,165522.703125
3839,154394.828125
3840,159140.546875
3841,150832.234375
3842,149812.671875
3843,203392.09375
3844,147968.203125
3845,134715.75
3846,142047.921875
3847,268380.46875
3848,117420.6953125
3849,181460.03125
3850,203485.796875
3851,160991.765625
3852,154968.46875
3853,114327.8671875
3854,173246.984375
3855,135014.84375
3856,159790.140625
3857,209680.609375
3858,143804.125
3859,160951.5
3860,181924.5625
3861,234545.234375
3862,215253.765625
3863,178659.609375
3864,172176.34375
3865,131881.984375
3866,111459
3867,158455.03125
3868,250245.484375
3869,250489.609375
3870,101581.546875
3871,223326.578125
3872,142337.640625
3873,190225.84375
3874,224360.015625
3875,190892.75
3876,210238.5625
3877,160573.546875
3878,200714.953125
3879,166720.640625
3880,190540.671875
3881,106612.953125
3882,164460.375
3883,160157.859375
3884,190582.328125
3885,211987.25
3886,170171.421875
3887,121785.65625
3888,168245.640625
3889,185240.765625
3890,201838.71875
3891,143711.09375
3892,185593.328125
3893,217152.359375
3894,124201.234375
3895,174361.375
3896,233766.578125
3897,213922.21875
3898,153954.046875
3899,149899.125
3900,190505.125
3901,131020.828125
3902,139365.65625
3903,179760.015625
3904,230419.390625
3905,179386.78125
3906,161906.890625
3907,129939.609375
3908,161180.34375
3909,120765.78125
3910,189513.78125
3911,161465.265625
3912,160710.8125
3913,202803.609375
3914,182425.15625
3915,121696.8203125
3916,109924.3203125
3917,135710.671875
3918,153528.15625
3919,153635.640625
3920,242151.453125
3921,200875.09375
3922,240976.921875
3923,137302.515625
3924,162387.171875
3925,114276.4765625
3926,185450.515625
3927,93358.21875
3928,155294.890625
3929,171386.296875
3930,184050.375
3931,146990.546875
3932,128010.78125
3933,139051.921875
3934,178596.09375
3935,236020.203125
3936,287910.0625
3937,195178.21875
3938,120328.546875
3939,135642.9375
3940,201315.734375
3941,187379.953125
3942,189045.28125
3943,148036.5625
3944,161931.234375
3945,149167.875
3946,110091.328125
3947,142778.28125
3948,214177.53125
3949,191549.875
3950,213844.84375
3951,154497.46875
3952,162491.28125
3953,203283.3125
3954,192134.109375
3955,176633.34375
3956,148355.140625
3957,186494.0625
3958,151766.75
3959,223219.078125
3960,219144.59375
3961,192795.125
3962,133953.71875
3963,206176.53125
3964,164060.15625
3965,184810.40625
3966,135245.28125
3967,162412.96875
3968,187931.109375
3969,184780.609375
3970,187435.765625
3971,159464.015625
3972,129289.671875
3973,157366.734375
3974,134396.8125
3975,170085.21875
3976,167303.765625
3977,180232.796875
3978,180412.90625
3979,164299.625
3980,257787.796875
3981,207190.53125
3982,171511.375
3983,174181.5625
3984,178519.6875
3985,133461.96875
3986,249516.421875
3987,110739.578125
3988,158824.3125
3989,252821.359375
3990,143499.03125
3991,174748.21875
3992,166367.53125
3993,206551.40625
3994,261672.578125
3995,180125.203125
3996,165565.40625
3997,247731.921875
3998,194438
3999,164623.265625
4000,142767.640625
4001,151620.984375
4002,186043.75
4003,175898.9375
4004,148282.328125
4005,226859.765625
4006,260690.1875
4007,211065.796875
4008,158019.21875
4009,190327.984375
4010,209797.140625
4011,173138.46875
4012,149855.921875
4013,181517.90625
4014,165995.75
4015,166361.46875
4016,125176.9609375
4017,161701.5625
4018,182954.546875
4019,124044.59375
4020,147842.046875
4021,165749.34375
4022,173166.59375
4023,129773.9453125
4024,157409.1875
4025,219166.75
4026,281952.75
4027,189245.953125
4028,167919.90625
4029,282411.75
4030,276314.40625
4031,210733.234375
4032,145524.453125
4033,175470.78125
4034,216296.1875
4035,248515.9375
4036,116406.9453125
4037,118192.3515625
4038,158315.515625
4039,142766.53125
4040,164032.03125
4041,248745.40625
4042,150788.234375
4043,202421.109375
4044,151783.15625
4045,164406.78125
4046,178571.15625
4047,141940.890625
4048,138745.59375
4049,179427.109375
4050,172787.640625
4051,155303.875
4052,158931.875
4053,170637.265625
4054,185510.421875
4055,136405.078125
4056,201585.171875
4057,185129.90625
4058,155185.40625
4059,157424.984375
4060,196305.328125
4061,218871.515625
4062,228593.421875
4063,153026.078125
4064,97785.609375
4065,235367.171875
4066,125417.2578125
4067,190824.6875
4068,134782.5
4069,139143.03125
4070,133341.1875
4071,173935.703125
4072,135165.90625
4073,214498.546875
4074,145012.015625
4075,127172.2109375
4076,243290
4077,213009.25
4078,218205.03125
4079,180432.609375
4080,209654.59375
4081,236248.765625
4082,179346.96875
4083,155028.71875
4084,128836.4375
4085,139519.015625
4086,114493.3828125
4087,288379.71875
4088,174631.90625
4089,166706.96875
4090,207116.875
4091,141087.140625
4092,149215.75
4093,216607.171875
4094,153528.71875
4095,117719.8359375
4096,144881.5
4097,221511.90625
4098,188055.125
4099,109312.0234375
4100,181058.921875
4101,160019
4102,237475.6875
4103,152426.609375
4104,222692.984375
4105,163805.828125
4106,169980.765625
4107,148324.015625
4108,169603.21875
4109,152335.78125
4110,169642.890625
4111,128813.5625
4112,146386.9375
4113,201212.171875
4114,197451.40625
4115,220728.796875
4116,127865.0546875
4117,106770.171875
4118,143499.5
4119,206371.328125
4120,161974.703125
4121,169449.328125
4122,236895.828125
4123,160332.890625
4124,156813.28125
4125,187582.203125
4126,148902.1875
4127,122127.9765625
4128,126129.8203125
4129,164798.9375
4130,224905.140625
4131,136509.578125
4132,90732.7890625
4133,135456.625
4134,160909.6875
4135,178012.5
4136,116060.8359375
4137,134464.265625
4138,173034.015625
4139,181974.890625
4140,119707.953125
4141,104247.78125
4142,127879.0234375
4143,190138.703125
4144,188767.46875
4145,184135.171875
4146,157689.171875
4147,150301.9375
4148,193584.4375
4149,153681.75
4150,189370.671875
4151,171070.75
4152,220841.421875
4153,173329
4154,152869.640625
4155,196697.9375
4156,199651.875
4157,238708.265625
4158,164350.515625
4159,166807.828125
4160,137850.078125
4161,239665.390625
4162,216066.765625
4163,226404.21875
4164,225066.328125
4165,159364.28125
4166,111453.109375
4167,135073.984375
4168,258103.703125
4169,209716.671875
4170,141248.78125
4171,179721.34375
4172,164666.375
4173,167986.375
4174,149680.203125
4175,147039.671875
4176,169829.734375
4177,196821.375
4178,206060.375
4179,160140.25
4180,261841.0625
4181,172111.828125
4182,140169.671875
4183,131277.59375
4184,132023.890625
4185,127237.65625
4186,164980.078125
4187,192680.078125
4188,149651.03125
4189,166287.046875
4190,236307.546875
4191,120892.5078125
4192,130140.6171875
4193,144283.03125
4194,194098.953125
4195,160761.203125
4196,175357.453125
4197,196231.25
4198,160124.5
4199,149216.5625
4200,219538.265625
4201,285194.28125
4202,186611.03125
4203,184923.59375
4204,161157.546875
4205,213784.125
4206,167105.59375
4207,127888.7265625
4208,137493.25
4209,202087
4210,148768.09375
4211,171541.078125
4212,157411.5
4213,167799.546875
4214,145178.046875
4215,136912.78125
4216,234608.6875
4217,178759.21875
4218,159655.53125
4219,207025.28125
4220,180426.140625
4221,163954.75
4222,203579.78125
4223,128598.5703125
4224,234519.625
4225,186355.953125
4226,154933.796875
4227,140036.1875
4228,221863.109375
4229,214642.703125
4230,202584.515625
4231,184615.5
4232,104927.53125
4233,121743.78125
4234,174215.171875
4235,145195.59375
4236,189615.796875
4237,158825.125
4238,139544.953125
4239,199747.28125
4240,223618.90625
4241,145120
4242,244255.515625
4243,194298.640625
4244,270511.0625
4245,304662.28125
4246,256831.734375
4247,130636.2578125
4248,194469.3125
4249,133607.984375
4250,112680.640625
4251,246704.375
4252,189309.3125
4253,204307.5625
4254,142192.265625
4255,230214.34375
4256,136262.484375
4257,178479
4258,149685.890625
4259,145383.390625
4260,121857.453125
4261,121180.3984375
4262,117478.765625
4263,185494.609375
4264,162564.203125
4265,131162.25
4266,145868.765625
4267,162758.03125
4268,190513.078125
4269,150501.15625
4270,122707.6953125
4271,146247.34375
4272,220142.640625
4273,218363.65625
4274,152721.53125
4275,236487.296875
4276,240265.421875
4277,170991.328125
4278,164299.359375
4279,141009.21875
4280,163687.8125
4281,206895.171875
4282,121435.640625
4283,181015.703125
4284,183328.1875
4285,212945.09375
4286,205706.1875
4287,146899.578125
4288,150821.28125
4289,112807.109375
4290,143672.984375
4291,111075.9296875
4292,189380.234375
4293,156382.890625
4294,218236.921875
4295,257113.75
4296,129827.8046875
4297,150021.21875
4298,178728.9375
4299,279474.15625
4300,149126.0625
4301,242496.609375
4302,321934.34375
4303,163307.921875
4304,175804.5
4305,158088.34375
4306,127870.59375
4307,291071.09375
4308,259361.890625
4309,124898.59375
4310,153859.796875
4311,139918.046875
4312,107498.71875
4313,162729.015625
4314,165169.265625
4315,127496.5703125
4316,203930.0625
4317,267400.03125
4318,144055.765625
4319,109613.4140625
4320,251871.25
4321,105347.9375
4322,192442.59375
4323,188570.546875
4324,229441.578125
4325,147976.9375
4326,177932.328125
4327,107154.203125
4328,120430.5546875
4329,213531.75
4330,174872.265625
4331,149914.703125
4332,155998.75
4333,185436.625
4334,144386.5
4335,137459.90625
4336,154104.25
4337,142705
4338,133044.734375
4339,176749.859375
4340,137365.359375
4341,213414.734375
4342,155772.796875
4343,156384.421875
4344,199307.671875
4345,150085.859375
4346,141437.640625
4347,139064.46875
4348,133766.90625
4349,165402.625
4350,126661.0390625
4351,168560.78125
4352,132511.046875
4353,260115.640625
4354,128181.9765625
4355,174800.984375
4356,136778.84375
4357,132754.015625
4358,159989.734375
4359,178086.65625
4360,194365.046875
4361,154562.3125
4362,132244.5625
4363,126896.296875
4364,157154.640625
4365,121304.453125
4366,236473.46875
4367,157030.890625
4368,158718.890625
4369,136708.265625
4370,175867
4371,162583.75
4372,145966.84375
4373,153906.109375
4374,156760.4375
4375,183187.203125
4376,161400.75
4377,140653.6875
4378,146877.125
4379,188665.53125
4380,247633.796875
4381,125849.1640625
4382,148463.578125
4383,131791.78125
4384,161596.5
4385,138191.34375
4386,265362.78125
4387,163100.40625
4388,140113.03125
4389,168095.15625
4390,233573.953125
4391,178152.21875
4392,126719.3671875
4393,155087.34375
4394,201904.328125
4395,191221.265625
4396,222879.171875
4397,178771.328125
4398,122907.8984375
4399,119062.9140625
4400,160951.984375
4401,159581.359375
4402,209712.65625
4403,224819.3125
4404,251440.015625
4405,160316
4406,204948.84375
4407,139896.65625
4408,203930.4375
4409,180052.015625
4410,173875.203125
4411,263618.4375
4412,143819.203125
4413,142163.515625
4414,138980.359375
4415,154036.875
4416,214460.359375
4417,206685.609375
4418,163307
4419,184193.546875
4420,202151.171875
4421,291712.375
4422,173179.859375
4423,135522.453125
4424,176514.875
4425,110247.84375
4426,169677.984375
4427,171183.28125
4428,135173.75
4429,181138.796875
4430,127460.078125
4431,160698.953125
4432,156452.1875
4433,222823.609375
4434,120176.8515625
4435,141083.84375
4436,125188.5546875
4437,181969.28125
4438,149787.203125
4439,201383.578125
4440,172174.53125
4441,259202.296875
4442,229460.5
4443,246256.59375
4444,218916.65625
4445,161599.234375
4446,176768.828125
4447,125070.234375
4448,116949.65625
4449,187072.734375
4450,118417.8359375
4451,141903.171875
4452,156412.828125
4453,149000.953125
4454,179128.796875
4455,118590.5703125
4456,161733.09375
4457,137229.1875
4458,190203.703125
4459,164297.140625
4460,135836.6875
4461,142586.578125
4462,228307.640625
4463,188596.859375
4464,230431.59375
4465,124374.0390625
4466,192842.875
4467,165246.65625
4468,276375.4375
4469,159011.234375
4470,240947.40625
4471,182749.578125
4472,232849.140625
4473,217557.75
4474,195113.203125
4475,163762.1875
4476,141798.96875
4477,235297.890625
4478,126048.25
4479,271881.125
4480,160597.625
4481,139577.609375
4482,157619.03125
4483,193448.5
4484,224815.8125
4485,175569.40625
4486,126740.640625
4487,160406.109375
4488,142232.28125
4489,155575.328125
4490,170220.28125
4491,163362.9375
4492,192691.71875
4493,190715.390625
4494,144135.0625
4495,115257.8828125
4496,152658.78125
4497,135002.59375
4498,134821.125
4499,168407.890625
4500,131005.078125
4501,148846.171875
4502,283781.625
4503,153491.390625
4504,133148.4375
4505,197770.15625
4506,166578.265625
4507,119594.0078125
4508,194693.15625
4509,238950.65625
4510,197361.828125
4511,130719.625
4512,195761.859375
4513,169690.171875
4514,139086.296875
4515,172615.171875
4516,126328.9453125
4517,161515.59375
4518,162213.96875
4519,324149.5
4520,173327.203125
4521,159875.796875
4522,132450.328125
4523,157951.34375
4524,146763.375
4525,179900.046875
4526,142792.640625
4527,231980.4375
4528,181940.40625
4529,247092.09375
4530,112125.6171875
4531,143203.28125
4532,202947.5
4533,183456.59375
4534,179821.78125
4535,160538.796875
4536,172741.921875
4537,161191.828125
4538,144942.59375
4539,145723.421875
4540,154990.28125
4541,125367.0546875
4542,156009.21875
4543,181277.296875
4544,164883.921875
4545,154546.1875
4546,152022.109375
4547,247016.15625
4548,196812.078125
4549,199703.25
4550,165244.125
4551,146970.625
4552,143175.234375
4553,164458.53125
4554,217655.015625
4555,168441.546875
4556,137276.9375
4557,127612.609375
4558,183863.421875
4559,175810.359375
4560,156239.109375
4561,180969.4375
4562,144954.328125
4563,159000.875
4564,127472.953125
4565,170501.53125
4566,136247.828125
4567,190783.015625
4568,155440.515625
4569,189648.90625
4570,183362.21875
4571,183867.3125
4572,138753.71875
4573,261745.640625
4574,213669.5
4575,159790.375
4576,152677.015625
4577,174010.25
4578,161734.3125
4579,152966.265625
4580,193404.328125
4581,197325.84375
4582,193614.71875
4583,146359.296875
4584,138961.296875
4585,222582.609375
4586,110847.84375
4587,150324.609375
4588,121456.625
4589,157487.234375
4590,218109.8125
4591,151344.65625
4592,143841.09375
4593,132812.046875
4594,212388.21875
4595,129358.609375
4596,152336.828125
4597,143959.09375
4598,130976.59375
4599,171796.859375
4600,143688.5
4601,100172.71875
4602,181326.328125
4603,196409.171875
4604,156670.328125
4605,132521.171875
4606,142496.578125
4607,210939.953125
4608,168676.765625
4609,132778.546875
4610,156585.03125
4611,180089.03125
4612,180150.578125
4613,182777.796875
4614,208387.765625
4615,205465.890625
4616,160633.75
4617,200340.90625
4618,226297.296875
4619,193093.953125
4620,143968.8125
4621,170582.390625
4622,194031.890625
4623,166065.90625
4624,188701.5
4625,141701.609375
4626,125907.515625
4627,158667.59375
4628,119651.5234375
4629,153947.171875
4630,159249.375
4631,201744.078125
4632,121668.7890625
4633,193497.609375
4634,197139.6875
4635,176135.90625
4636,166832.03125
4637,152157.15625
4638,187811
4639,143818.703125
4640,146046.53125
4641,160423.234375
4642,169419.296875
4643,147958.203125
4644,184628.015625
4645,113431.8359375
4646,114494.1484375
4647,171729.359375
4648,251571.078125
4649,210730.90625
4650,113226.7890625
4651,218554.546875
4652,151554.703125
4653,144986.65625
4654,122873.5
4655,177030.359375
4656,154093.9375
4657,138988.6875
4658,116271.765625
4659,205295.265625
4660,145120.21875
4661,167217.3125
4662,199984.390625
4663,132487.4375
4664,135252.609375
4665,170071.890625
4666,202629.109375
4667,168487.5625
4668,170382.578125
4669,188159.859375
4670,161033.875
4671,134035.21875
4672,154989.28125
4673,146120.359375
4674,191837.765625
4675,98982.3359375
4676,193158.6875
4677,130725.0234375
4678,241697.078125
4679,130742.15625
4680,181919.0625
4681,175953.96875
4682,286902.09375
4683,117268.9296875
4684,187457.703125
4685,167516.953125
4686,159752.203125
4687,210649
4688,130974.8125
4689,220772.71875
4690,199312.859375
4691,168352.953125
4692,167965.375
4693,289560.1875
4694,182285.390625
4695,175369.515625
4696,200559.5625
4697,159365.4375
4698,201603.6875
4699,149979.078125
4700,150355.28125
4701,184218.203125
4702,139965.421875
4703,158144.0625
4704,157499.265625
4705,162110.125
4706,186947.328125
4707,110298.09375
4708,107735.3203125
4709,176130.140625
4710,153197.359375
4711,134106.671875
4712,156598.90625
4713,136852.25
4714,150445.390625
4715,173675.65625
4716,178426.34375
4717,132030.640625
4718,150609.859375
4719,121051.3203125
4720,121605.625
4721,148296.9375
4722,233517.28125
4723,162568.515625
4724,166525.828125
4725,140477.8125
4726,186241.671875
4727,178445.125
4728,126621.3984375
4729,162945.375
4730,135614.578125
4731,156562.765625
4732,146113.203125
4733,139907.28125
4734,223131.5
4735,150554.3125
4736,162496.8125
4737,162851.421875
4738,183374.1875
4739,141545.5625
4740,160611.9375
4741,122182.5703125
4742,275308.96875
4743,153737.953125
4744,125754.203125
4745,263325.96875
4746,158218.890625
4747,152615.3125
4748,136281.84375
4749,201084.9375
4750,135890.625
4751,172492.796875
4752,180107.703125
4753,144163.421875
4754,173083.8125
4755,176149.109375
4756,134007.25
4757,150732.625
4758,161788.578125
4759,237136.84375
4760,146481.734375
4761,156870.84375
4762,125289.2734375
4763,158255.671875
4764,146692.046875
4765,244811.5625
4766,160893.078125
4767,166917
4768,192862.03125
4769,173692.671875
4770,196989.265625
4771,167984.28125
4772,152369.96875
4773,181121.34375
4774,142735.765625
4775,143158.78125
4776,154266.046875
4777,152391.515625
4778,133297.8125
4779,194532.875
4780,209208.53125
4781,189915.984375
4782,163901.46875
4783,140324.328125
4784,186152
4785,278009.53125
4786,153361.8125
4787,112423.6484375
4788,225906.703125
4789,158346.921875
4790,152714.328125
4791,166244.1875
4792,143599.5
4793,120443.625
4794,172516.625
4795,173795.65625
4796,126298.8125
4797,201796.484375
4798,127415.5859375
4799,214247.515625
4800,130655.6875
4801,141513.96875
4802,149722.375
4803,151950.328125
4804,156675.015625
4805,144767.609375
4806,181578.15625
4807,212767.390625
4808,173993.1875
4809,152908.453125
4810,183804.28125
4811,160309.015625
4812,145447.28125
4813,134065.609375
4814,157593.890625
4815,216536.953125
4816,155520.328125
4817,151454.125
4818,156268.90625
4819,203733.515625
4820,243203.859375
4821,160398
4822,185826.875
4823,225041.25
4824,149873.203125
4825,167652.0625
4826,129376.1796875
4827,186490.578125
4828,156097.234375
4829,167973.28125
4830,171047.859375
4831,184268.546875
4832,133146.953125
4833,156849
4834,177795.75
4835,150862.328125
4836,127800.59375
4837,171685.125
4838,137238.6875
4839,152593.28125
4840,129657.8984375
4841,177603.359375
4842,251200.5625
4843,180374.84375
4844,163232
4845,143880.890625
4846,235078.984375
4847,178011.296875
4848,180296.28125
4849,185248.34375
4850,167486.59375
4851,191329.671875
4852,153253.578125
4853,186429.390625
4854,167781.796875
4855,168085.046875
4856,183128.140625
4857,153458.875
4858,185153.140625
4859,157140.828125
4860,259330.8125
4861,151016.421875
4862,128949.2578125
4863,170729.609375
4864,161393.46875
4865,187505.59375
4866,129316.9609375
4867,161336.609375
4868,197724.6875
4869,156721.5
4870,205757.421875
4871,127140.8046875
4872,171603.4375
4873,170572.03125
4874,211076.1875
4875,143407.40625
4876,142913.5
4877,113007.9140625
4878,142219.125
4879,199120.984375
4880,136427.953125
4881,121496.8203125
4882,162609.75
4883,130892.328125
4884,146008.765625
4885,178545.859375
4886,214753.75
4887,184158.84375
4888,128740.9453125
4889,199141.703125
4890,191847.046875
4891,147612.96875
4892,168244.484375
4893,183329.84375
4894,180894.359375
4895,149470
4896,168906.890625
4897,147992.328125
4898,148112.015625
4899,146983.984375
4900,207067.765625
4901,172156.703125
4902,158021.09375
4903,187163.453125
4904,173112.96875
4905,144625.125
4906,224501.5
4907,221387.171875
4908,201927.265625
4909,183878.40625
4910,194546.640625
4911,155088.8125
4912,236607.8125
4913,124494.1953125
4914,155263.203125
4915,171113.46875
4916,135221
4917,245008.171875
4918,220194.546875
4919,176362.96875
4920,219399.890625
4921,157278.828125
4922,125461.84375
4923,228094.546875
4924,181501.015625
4925,147377.015625
4926,112481.875
4927,173392.921875
4928,196433.40625
4929,183703.09375
4930,230707.21875
4931,167408.390625
4932,128170.7578125
4933,155239.65625
4934,120868.3828125
4935,200382.453125
4936,292748.28125
4937,205834.359375
4938,147771.015625
4939,185550.46875
4940,173495.21875
4941,135907.296875
4942,190856.640625
4943,158685.515625
4944,133512.75
4945,104220.6953125
4946,202736.515625
4947,215025.84375
4948,147129.125
4949,107702.5625
4950,266098.5
4951,203933.46875
4952,154416.1875
4953,207401.515625
4954,150792.5625
4955,209350.390625
4956,142628.921875
4957,157303.640625
4958,131314.890625
4959,194891.8125
4960,156129.90625
4961,126288.7734375
4962,194407.171875
4963,191594.921875
4964,211289.96875
4965,238197.9375
4966,185872.125
4967,205920.015625
4968,179357.34375
4969,190809.703125
4970,207132.09375
4971,181738
4972,146780.125
4973,136391.90625
4974,165030.703125
4975,125114.8125
4976,159015.828125
4977,120540.3125
4978,170516.265625
4979,103415.3515625
4980,158742.421875
4981,142068.125
4982,180541.90625
4983,165127.4375
4984,163082.1875
4985,193354.25
4986,217151.8125
4987,129194.625
4988,98768.0625
4989,195997.5625
4990,105052.15625
4991,137309.65625
4992,151921.203125
4993,162372.28125
4994,149989.390625
4995,189291.796875
4996,195275.953125
4997,306573.46875
4998,235068.34375
4999,195596.015625
5000,155048.546875
